Temps[s] ; V0[V] ; V1[V] ; V2[V] 
2.4080276489257812e-05 ; 0.0 ; 0.0 ; 0.0 
0.5003354549407959 ; 0.0 ; 0.0 ; 0.0 
1.0010130405426025 ; 0.0 ; 0.0 ; 0.0 
1.5016529560089111 ; 0.0 ; 0.0 ; 0.0 
2.0023083686828613 ; 0.0 ; 0.0 ; 0.0 
2.5029819011688232 ; 0.0 ; 0.0 ; 0.0 
3.0036261081695557 ; 0.0 ; 0.0 ; 0.0 
3.5042991638183594 ; 0.0156 ; 0.0 ; 0.0 
4.004581928253174 ; 0.0274 ; 0.0 ; 0.0 
4.505255937576294 ; 0.0362 ; 0.0 ; 0.0 
5.005612850189209 ; 0.045 ; 0.0049 ; 0.0 
5.506166696548462 ; 0.0538 ; 0.0 ; 0.0 
6.006842136383057 ; 0.0596 ; 0.0 ; 0.0 
6.507502555847168 ; 0.0674 ; 0.0 ; 0.0 
7.0080461502075195 ; 0.0753 ; 0.0 ; 0.0 
7.5087220668792725 ; 0.0831 ; 0.0 ; 0.0 
8.009406805038452 ; 0.0899 ; 0.0 ; 0.0 
8.51008677482605 ; 0.0968 ; 0.0 ; 0.0 
9.010754346847534 ; 0.1026 ; 0.0 ; 0.0 
9.511433601379395 ; 0.1085 ; 0.0 ; 0.0 
10.012131452560425 ; 0.1144 ; 0.0 ; 0.0 
10.512789726257324 ; 0.1202 ; 0.0 ; 0.0 
11.013524532318115 ; 0.1261 ; 0.0 ; 0.0 
11.514211654663086 ; 0.131 ; 0.0 ; 0.0 
12.014857530593872 ; 0.1369 ; 0.0 ; 0.0 
12.51551604270935 ; 0.1417 ; 0.0 ; 0.0 
13.016074895858765 ; 0.1466 ; 0.0 ; 0.0 
13.516338109970093 ; 0.1515 ; 0.0 ; 0.0 
14.016972064971924 ; 0.1554 ; 0.0 ; 0.0 
14.517620086669922 ; 0.1593 ; 0.0 ; 0.0 
15.018203020095825 ; 0.1642 ; 0.0 ; 0.0 
15.518895149230957 ; 0.1681 ; 0.0 ; 0.0 
16.01952815055847 ; 0.172 ; 0.0 ; 0.0 
16.52021622657776 ; 0.176 ; 0.0 ; 0.0 
17.020883798599243 ; 0.1799 ; 0.0 ; 0.0 
17.52158784866333 ; 0.1838 ; 0.0 ; 0.0 
18.02170419692993 ; 0.1857 ; 0.0 ; 0.0 
18.522355318069458 ; 0.1896 ; 0.0 ; 0.0 
19.022960424423218 ; 0.1926 ; 0.0 ; 0.0 
19.523618698120117 ; 0.1965 ; 0.0 ; 0.0 
20.024193286895752 ; 0.1994 ; 0.0 ; 0.0 
20.52474594116211 ; 0.2023 ; 0.0 ; 0.0 
21.025288581848145 ; 0.2053 ; 0.0 ; 0.0 
21.52562117576599 ; 0.2092 ; 0.0 ; 0.0 
22.02618908882141 ; 0.2102 ; 0.0 ; 0.0 
22.526755571365356 ; 0.2141 ; 0.0 ; 0.0 
23.027311086654663 ; 0.217 ; 0.0 ; 0.0 
23.527932167053223 ; 0.219 ; 0.0 ; 0.0 
24.028546810150146 ; 0.2219 ; 0.0 ; 0.0 
24.529129028320312 ; 0.2248 ; 0.0 ; 0.0 
25.02969002723694 ; 0.2268 ; 0.0 ; 0.0 
25.530223846435547 ; 0.2287 ; 0.0 ; 0.0 
26.030766010284424 ; 0.2307 ; 0.0 ; 0.0 
26.53140377998352 ; 0.2326 ; 0.0 ; 0.0 
27.0319185256958 ; 0.2346 ; 0.0 ; 0.0 
27.532545804977417 ; 0.2366 ; 0.0 ; 0.0 
28.033175945281982 ; 0.2405 ; 0.0 ; 0.0 
28.53363037109375 ; 0.2405 ; 0.0 ; 0.0 
29.03418278694153 ; 0.2424 ; 0.0 ; 0.0 
29.534754991531372 ; 0.2454 ; 0.0 ; 0.0 
30.035305500030518 ; 0.2473 ; 0.0 ; 0.0 
30.53543972969055 ; 0.2493 ; 0.0 ; 0.0 
31.036075592041016 ; 0.2502 ; 0.0 ; 0.0 
31.536701440811157 ; 0.2532 ; 0.0 ; 0.0 
32.0372998714447 ; 0.2542 ; 0.0 ; 0.0 
32.537922382354736 ; 0.2571 ; 0.0 ; 0.0 
33.03845024108887 ; 0.2581 ; 0.0 ; 0.0 
33.538989305496216 ; 0.261 ; 0.0 ; 0.0 
34.03965926170349 ; 0.263 ; 0.0 ; 0.0 
34.54028010368347 ; 0.2639 ; 0.0 ; 0.0 
35.0408980846405 ; 0.2659 ; 0.0 ; 0.0 
35.54141545295715 ; 0.2678 ; 0.0 ; 0.0 
36.04162859916687 ; 0.2698 ; 0.0 ; 0.0 
36.542192220687866 ; 0.2717 ; 0.0 ; 0.0 
37.04275345802307 ; 0.2737 ; 0.0 ; 0.0 
37.54329061508179 ; 0.2747 ; 0.0 ; 0.0 
38.04384636878967 ; 0.2766 ; 0.0 ; 0.0 
38.54444694519043 ; 0.2786 ; 0.0 ; 0.0 
39.044989347457886 ; 0.2805 ; 0.0 ; 0.0 
39.5456166267395 ; 0.2815 ; 0.0 ; 0.0 
40.04628014564514 ; 0.2835 ; 0.0 ; 0.0 
40.546833992004395 ; 0.2845 ; 0.0 ; 0.0 
41.047372817993164 ; 0.2864 ; 0.0 ; 0.0 
41.547900676727295 ; 0.2864 ; 0.0 ; 0.0 
42.048458099365234 ; 0.2884 ; 0.0 ; 0.0 
42.548996925354004 ; 0.2903 ; 0.0 ; 0.0 
43.049625635147095 ; 0.2913 ; 0.0 ; 0.0 
43.54968476295471 ; 0.2923 ; 0.0 ; 0.0 
44.05025124549866 ; 0.2933 ; 0.002 ; 0.0 
44.55082058906555 ; 0.2933 ; 0.0039 ; 0.0 
45.05144643783569 ; 0.2952 ; 0.0059 ; 0.0 
45.552074909210205 ; 0.2972 ; 0.0225 ; 0.0 
46.05271601676941 ; 0.2991 ; 0.0244 ; 0.0 
46.55328726768494 ; 0.2991 ; 0.0391 ; 0.0 
47.053693771362305 ; 0.3001 ; 0.0518 ; 0.0 
47.554243087768555 ; 0.3011 ; 0.045 ; 0.0 
48.054892778396606 ; 0.303 ; 0.0469 ; 0.0 
48.55552577972412 ; 0.304 ; 0.0469 ; 0.0 
49.05612301826477 ; 0.305 ; 0.0469 ; 0.0 
49.556743144989014 ; 0.3079 ; 0.0489 ; 0.0 
50.05740761756897 ; 0.3079 ; 0.0518 ; 0.0 
50.55807113647461 ; 0.3089 ; 0.0528 ; 0.0 
51.058244943618774 ; 0.3099 ; 0.0606 ; 0.0 
51.55892753601074 ; 0.3118 ; 0.1349 ; 0.0 
52.05959701538086 ; 0.3128 ; 0.0899 ; 0.0 
52.56027841567993 ; 0.3128 ; 0.0841 ; 0.0 
53.060957193374634 ; 0.3138 ; 0.086 ; 0.0 
53.56164240837097 ; 0.3148 ; 0.0929 ; 0.0 
54.06230545043945 ; 0.3167 ; 0.1017 ; 0.0 
54.562955379486084 ; 0.3177 ; 0.0978 ; 0.0 
55.06310200691223 ; 0.3187 ; 0.087 ; 0.0 
55.56381011009216 ; 0.3206 ; 0.0841 ; 0.0 
56.06446409225464 ; 0.3216 ; 0.0841 ; 0.0 
56.56502366065979 ; 0.3226 ; 0.0841 ; 0.0 
57.06570911407471 ; 0.3245 ; 0.087 ; 0.0 
57.5663628578186 ; 0.3265 ; 0.0919 ; 0.0 
58.06704616546631 ; 0.3275 ; 0.088 ; 0.0 
58.56767702102661 ; 0.3294 ; 0.0938 ; 0.0 
59.06829810142517 ; 0.3304 ; 0.0919 ; 0.0 
59.568981885910034 ; 0.3324 ; 0.0909 ; 0.0 
60.06966519355774 ; 0.3343 ; 0.0929 ; 0.0 
60.570324182510376 ; 0.3363 ; 0.0948 ; 0.0 
61.07100558280945 ; 0.3382 ; 0.0958 ; 0.0 
61.571579456329346 ; 0.3392 ; 0.0909 ; 0.0 
62.07228875160217 ; 0.3412 ; 0.0909 ; 0.0 
62.5728497505188 ; 0.3431 ; 0.0958 ; 0.0 
63.073482275009155 ; 0.346 ; 0.1046 ; 0.0 
63.57412838935852 ; 0.347 ; 0.1017 ; 0.0 
64.0747811794281 ; 0.348 ; 0.1007 ; 0.0 
64.57541918754578 ; 0.35 ; 0.1017 ; 0.0 
65.0760703086853 ; 0.3519 ; 0.1026 ; 0.0 
65.57670044898987 ; 0.3539 ; 0.1065 ; 0.0 
66.07734489440918 ; 0.3548 ; 0.1065 ; 0.0 
66.57760453224182 ; 0.3568 ; 0.1114 ; 0.0 
67.07815504074097 ; 0.3587 ; 0.1085 ; 0.0 
67.57890009880066 ; 0.3597 ; 0.1065 ; 0.0 
68.07954907417297 ; 0.3617 ; 0.1105 ; 0.0 
68.58017945289612 ; 0.3636 ; 0.1124 ; 0.0 
69.08086204528809 ; 0.3636 ; 0.1153 ; 0.0 
69.58150482177734 ; 0.3656 ; 0.1163 ; 0.0 
70.08205223083496 ; 0.3675 ; 0.1183 ; 0.0 
70.58220148086548 ; 0.3675 ; 0.1134 ; 0.0 
71.08286786079407 ; 0.3695 ; 0.1134 ; 0.0 
71.58349299430847 ; 0.3695 ; 0.1163 ; 0.0 
72.0841588973999 ; 0.3705 ; 0.1144 ; 0.0 
72.58482313156128 ; 0.3715 ; 0.1183 ; 0.0 
73.08548426628113 ; 0.3724 ; 0.1183 ; 0.0 
73.58615446090698 ; 0.3734 ; 0.1173 ; 0.0 
74.08682298660278 ; 0.3734 ; 0.1202 ; 0.0 
74.5874810218811 ; 0.3734 ; 0.1173 ; 0.0 
75.08813905715942 ; 0.3744 ; 0.1153 ; 0.0 
75.58875441551208 ; 0.3744 ; 0.1193 ; 0.0 
76.08939337730408 ; 0.3763 ; 0.1183 ; 0.0 
76.58970546722412 ; 0.3754 ; 0.1202 ; 0.0 
77.09035968780518 ; 0.3754 ; 0.1232 ; 0.0 
77.59091758728027 ; 0.3754 ; 0.1193 ; 0.0 
78.09157681465149 ; 0.3754 ; 0.1202 ; 0.0 
78.59220552444458 ; 0.3754 ; 0.1173 ; 0.0 
79.09276509284973 ; 0.3763 ; 0.1232 ; 0.0 
79.59338712692261 ; 0.3763 ; 0.1193 ; 0.0 
80.09370374679565 ; 0.3773 ; 0.1251 ; 0.0 
80.59425926208496 ; 0.3773 ; 0.1222 ; 0.0 
81.09492635726929 ; 0.3773 ; 0.1212 ; 0.0 
81.5955924987793 ; 0.3773 ; 0.1202 ; 0.0 
82.09625887870789 ; 0.3773 ; 0.1193 ; 0.0 
82.59693956375122 ; 0.3773 ; 0.1202 ; 0.0 
83.09762811660767 ; 0.3773 ; 0.1232 ; 0.0 
83.59829425811768 ; 0.3773 ; 0.1183 ; 0.0 
84.09906125068665 ; 0.3773 ; 0.1183 ; 0.0 
84.59974265098572 ; 0.3783 ; 0.1261 ; 0.0 
85.10038709640503 ; 0.3783 ; 0.1202 ; 0.0 
85.6010525226593 ; 0.3783 ; 0.1261 ; 0.0 
86.10175395011902 ; 0.3783 ; 0.1173 ; 0.0 
86.60228323936462 ; 0.3793 ; 0.13 ; 0.0 
87.10281658172607 ; 0.3793 ; 0.1408 ; 0.0 
87.60336089134216 ; 0.3783 ; 0.132 ; 0.0 
88.10387873649597 ; 0.3783 ; 0.1271 ; 0.0 
88.60451912879944 ; 0.3793 ; 0.1447 ; 0.0 
89.10516738891602 ; 0.3793 ; 0.1476 ; 0.0 
89.60561013221741 ; 0.3793 ; 0.1447 ; 0.0 
90.10613512992859 ; 0.3793 ; 0.1457 ; 0.0 
90.60666608810425 ; 0.3803 ; 0.1349 ; 0.0 
91.10722041130066 ; 0.3793 ; 0.1378 ; 0.0 
91.607750415802 ; 0.3793 ; 0.131 ; 0.0 
92.10844421386719 ; 0.3803 ; 0.132 ; 0.0 
92.60900545120239 ; 0.3803 ; 0.13 ; 0.0 
93.1095278263092 ; 0.3793 ; 0.129 ; 0.0 
93.60969614982605 ; 0.3803 ; 0.13 ; 0.0 
94.11026167869568 ; 0.3803 ; 0.1222 ; 0.0 
94.61090636253357 ; 0.3803 ; 0.1193 ; 0.0 
95.1114559173584 ; 0.3803 ; 0.1202 ; 0.0 
95.61197853088379 ; 0.3812 ; 0.1173 ; 0.0 
96.11251139640808 ; 0.3803 ; 0.1163 ; 0.0 
96.61312770843506 ; 0.3803 ; 0.1163 ; 0.0 
97.11374378204346 ; 0.3812 ; 0.1232 ; 0.0 
97.61430668830872 ; 0.3812 ; 0.1193 ; 0.0 
98.11487245559692 ; 0.3812 ; 0.1163 ; 0.0 
98.61540794372559 ; 0.3812 ; 0.1202 ; 0.0 
99.11610460281372 ; 0.3812 ; 0.1163 ; 0.0 
99.61666798591614 ; 0.3822 ; 0.1232 ; 0.0 
100.11724352836609 ; 0.3822 ; 0.1173 ; 0.0 
100.61788630485535 ; 0.3812 ; 0.1232 ; 0.0 
101.11858415603638 ; 0.3822 ; 0.1398 ; 0.0 
101.61905360221863 ; 0.3832 ; 0.1437 ; 0.0 
102.11970496177673 ; 0.3822 ; 0.1369 ; 0.0 
102.620352268219 ; 0.3822 ; 0.1349 ; 0.0 
103.12099385261536 ; 0.3832 ; 0.132 ; 0.0 
103.62164187431335 ; 0.3832 ; 0.1828 ; 0.0 
104.12221360206604 ; 0.3822 ; 0.1095 ; 0.0 
104.62276291847229 ; 0.3832 ; 0.1241 ; 0.0 
105.1234347820282 ; 0.3832 ; 0.1183 ; 0.0 
105.62411737442017 ; 0.3832 ; 0.1281 ; 0.0 
106.12466645240784 ; 0.3842 ; 0.1261 ; 0.0 
106.62536096572876 ; 0.3832 ; 0.131 ; 0.0 
107.12600564956665 ; 0.3842 ; 0.1173 ; 0.0 
107.62668657302856 ; 0.3842 ; 0.1251 ; 0.0 
108.12725949287415 ; 0.3842 ; 0.1271 ; 0.0 
108.62791132926941 ; 0.3842 ; 0.1251 ; 0.0 
109.12854886054993 ; 0.3842 ; 0.1437 ; 0.0 
109.6292188167572 ; 0.3842 ; 0.1339 ; 0.0 
110.12985348701477 ; 0.3851 ; 0.131 ; 0.0 
110.63054299354553 ; 0.3842 ; 0.1163 ; 0.0 
111.13126921653748 ; 0.3851 ; 0.1281 ; 0.0 
111.63182640075684 ; 0.3851 ; 0.1251 ; 0.0 
112.13251042366028 ; 0.3851 ; 0.1281 ; 0.0 
112.63307213783264 ; 0.3851 ; 0.1212 ; 0.0 
113.13360476493835 ; 0.3851 ; 0.1222 ; 0.0 
113.63413643836975 ; 0.3861 ; 0.1251 ; 0.0 
114.1347143650055 ; 0.3861 ; 0.129 ; 0.0 
114.63527512550354 ; 0.3861 ; 0.1232 ; 0.0 
115.13582134246826 ; 0.3861 ; 0.1232 ; 0.0 
115.63637161254883 ; 0.3861 ; 0.1193 ; 0.0 
116.13691520690918 ; 0.3861 ; 0.1222 ; 0.0 
116.63743162155151 ; 0.3871 ; 0.1232 ; 0.0 
117.13776683807373 ; 0.3871 ; 0.1193 ; 0.0 
117.63833117485046 ; 0.3871 ; 0.1183 ; 0.0 
118.13886666297913 ; 0.3871 ; 0.1232 ; 0.0 
118.63943195343018 ; 0.3881 ; 0.1173 ; 0.0 
119.14010572433472 ; 0.3881 ; 0.1271 ; 0.0 
119.6406352519989 ; 0.3881 ; 0.1222 ; 0.0 
120.14128041267395 ; 0.3881 ; 0.1251 ; 0.0 
120.641934633255 ; 0.3891 ; 0.1281 ; 0.0 
121.14257431030273 ; 0.3891 ; 0.1271 ; 0.0 
121.64314293861389 ; 0.3881 ; 0.1251 ; 0.0 
122.14368724822998 ; 0.3881 ; 0.1202 ; 0.0 
122.64421534538269 ; 0.3891 ; 0.1212 ; 0.0 
123.14475965499878 ; 0.3891 ; 0.1232 ; 0.0 
123.64527630805969 ; 0.3891 ; 0.1251 ; 0.0 
124.14559864997864 ; 0.391 ; 0.1251 ; 0.0 
124.64574098587036 ; 0.3891 ; 0.1222 ; 0.0 
125.1462676525116 ; 0.3891 ; 0.1222 ; 0.0 
125.64687514305115 ; 0.3891 ; 0.1222 ; 0.0 
126.1475658416748 ; 0.39 ; 0.1251 ; 0.0 
126.64809513092041 ; 0.39 ; 0.1281 ; 0.0 
127.14872217178345 ; 0.391 ; 0.1241 ; 0.0 
127.64939141273499 ; 0.391 ; 0.131 ; 0.0 
128.14962816238403 ; 0.391 ; 0.1271 ; 0.0 
128.6496992111206 ; 0.391 ; 0.129 ; 0.0 
129.15036368370056 ; 0.391 ; 0.1261 ; 0.0 
129.65092277526855 ; 0.391 ; 0.1212 ; 0.0 
130.15159344673157 ; 0.391 ; 0.1212 ; 0.0 
130.6523778438568 ; 0.392 ; 0.1202 ; 0.0 
131.1530339717865 ; 0.392 ; 0.1183 ; 0.0 
131.65359592437744 ; 0.392 ; 0.1202 ; 0.0 
132.15428280830383 ; 0.392 ; 0.1222 ; 0.0 
132.65481305122375 ; 0.392 ; 0.1261 ; 0.0 
133.1554479598999 ; 0.393 ; 0.1261 ; 0.0 
133.6560468673706 ; 0.392 ; 0.132 ; 0.0 
134.1566321849823 ; 0.392 ; 0.1251 ; 0.0 
134.65719604492188 ; 0.393 ; 0.1261 ; 0.0 
135.15781331062317 ; 0.393 ; 0.1261 ; 0.0 
135.65845489501953 ; 0.393 ; 0.1251 ; 0.0 
136.15902185440063 ; 0.393 ; 0.1232 ; 0.0 
136.65969848632812 ; 0.393 ; 0.1241 ; 0.0 
137.16034150123596 ; 0.3939 ; 0.1251 ; 0.0 
137.66102290153503 ; 0.3939 ; 0.1271 ; 0.0 
138.1615936756134 ; 0.3939 ; 0.1261 ; 0.0 
138.66221642494202 ; 0.3939 ; 0.1261 ; 0.0 
139.1627881526947 ; 0.3939 ; 0.1232 ; 0.0 
139.66339898109436 ; 0.3949 ; 0.1212 ; 0.0 
140.16394639015198 ; 0.3949 ; 0.13 ; 0.0 
140.66463494300842 ; 0.3939 ; 0.1202 ; 0.0 
141.1655216217041 ; 0.3949 ; 0.1251 ; 0.0 
141.6656060218811 ; 0.3949 ; 0.1222 ; 0.0 
142.16616582870483 ; 0.3949 ; 0.1232 ; 0.0 
142.6667103767395 ; 0.3949 ; 0.1202 ; 0.0 
143.16726064682007 ; 0.3949 ; 0.13 ; 0.0 
143.66781854629517 ; 0.3959 ; 0.1232 ; 0.0 
144.16837787628174 ; 0.3959 ; 0.1339 ; 0.0 
144.6690194606781 ; 0.3959 ; 0.1271 ; 0.0 
145.16966128349304 ; 0.3959 ; 0.1202 ; 0.0 
145.6703324317932 ; 0.3959 ; 0.1222 ; 0.0 
146.17097234725952 ; 0.3959 ; 0.1212 ; 0.0 
146.67164587974548 ; 0.3969 ; 0.1241 ; 0.0 
147.17196655273438 ; 0.3969 ; 0.1271 ; 0.0 
147.67264986038208 ; 0.3959 ; 0.1241 ; 0.0 
148.17329573631287 ; 0.3969 ; 0.1212 ; 0.0 
148.6739490032196 ; 0.3969 ; 0.129 ; 0.0 
149.1746325492859 ; 0.3969 ; 0.1251 ; 0.0 
149.67518711090088 ; 0.3969 ; 0.1202 ; 0.0 
150.1757402420044 ; 0.3978 ; 0.1212 ; 0.0 
150.67619109153748 ; 0.3978 ; 0.1281 ; 0.0 
151.17685627937317 ; 0.3969 ; 0.1232 ; 0.0 
151.67758226394653 ; 0.3978 ; 0.1193 ; 0.0 
152.17824149131775 ; 0.3978 ; 0.1251 ; 0.0 
152.67881059646606 ; 0.3978 ; 0.1202 ; 0.0 
153.17935037612915 ; 0.3988 ; 0.1202 ; 0.0 
153.6799876689911 ; 0.3988 ; 0.1193 ; 0.0 
154.18063950538635 ; 0.3978 ; 0.1202 ; 0.0 
154.68131923675537 ; 0.3988 ; 0.1202 ; 0.0 
155.1816909313202 ; 0.3978 ; 0.1202 ; 0.0 
155.6822566986084 ; 0.3988 ; 0.1398 ; 0.0 
156.18288111686707 ; 0.3988 ; 0.1222 ; 0.0 
156.68343472480774 ; 0.3988 ; 0.1261 ; 0.0 
157.18408608436584 ; 0.3988 ; 0.1281 ; 0.0 
157.68474173545837 ; 0.3988 ; 0.132 ; 0.0 
158.1854214668274 ; 0.3998 ; 0.1281 ; 0.0 
158.68606758117676 ; 0.3998 ; 0.1251 ; 0.0 
159.18661952018738 ; 0.3988 ; 0.1271 ; 0.0 
159.687260389328 ; 0.3998 ; 0.129 ; 0.0 
160.18783855438232 ; 0.3998 ; 0.1349 ; 0.0 
160.68845582008362 ; 0.4008 ; 0.1329 ; 0.0 
161.18912482261658 ; 0.3998 ; 0.1339 ; 0.0 
161.68979215621948 ; 0.3998 ; 0.1329 ; 0.0 
162.19034814834595 ; 0.4008 ; 0.1251 ; 0.0 
162.69090294837952 ; 0.4008 ; 0.1193 ; 0.0 
163.1915385723114 ; 0.4008 ; 0.1173 ; 0.0 
163.69221782684326 ; 0.4008 ; 0.1193 ; 0.0 
164.19279193878174 ; 0.4018 ; 0.1212 ; 0.0 
164.69330596923828 ; 0.4008 ; 0.1339 ; 0.0 
165.19370079040527 ; 0.4008 ; 0.1281 ; 0.0 
165.69425630569458 ; 0.4008 ; 0.131 ; 0.0 
166.1947784423828 ; 0.4008 ; 0.1398 ; 0.0 
166.69543170928955 ; 0.4008 ; 0.129 ; 0.0 
167.19605040550232 ; 0.4018 ; 0.1271 ; 0.0 
167.69659638404846 ; 0.4018 ; 0.1271 ; 0.0 
168.19714307785034 ; 0.4018 ; 0.129 ; 0.0 
168.69759440422058 ; 0.4018 ; 0.13 ; 0.0 
169.1977140903473 ; 0.4018 ; 0.1222 ; 0.0 
169.69827151298523 ; 0.4018 ; 0.1261 ; 0.0 
170.19883275032043 ; 0.4018 ; 0.1222 ; 0.0 
170.69941091537476 ; 0.4018 ; 0.1241 ; 0.0 
171.19997262954712 ; 0.4027 ; 0.1183 ; 0.0 
171.70060348510742 ; 0.4027 ; 0.129 ; 0.0 
172.20128083229065 ; 0.4018 ; 0.1202 ; 0.0 
172.7016317844391 ; 0.4027 ; 0.1193 ; 0.0 
173.2022888660431 ; 0.4027 ; 0.1232 ; 0.0 
173.70307660102844 ; 0.4027 ; 0.1271 ; 0.0 
174.20364594459534 ; 0.4037 ; 0.1212 ; 0.0 
174.70421195030212 ; 0.4027 ; 0.1193 ; 0.0 
175.2048635482788 ; 0.4037 ; 0.1202 ; 0.0 
175.70559549331665 ; 0.4027 ; 0.1193 ; 0.0 
176.20612955093384 ; 0.4027 ; 0.13 ; 0.0 
176.70668697357178 ; 0.4037 ; 0.1251 ; 0.0 
177.20720720291138 ; 0.4037 ; 0.1271 ; 0.0 
177.7077407836914 ; 0.4037 ; 0.1241 ; 0.0 
178.20829105377197 ; 0.4037 ; 0.1222 ; 0.0 
178.7088098526001 ; 0.4037 ; 0.1202 ; 0.0 
179.20947432518005 ; 0.4037 ; 0.1202 ; 0.0 
179.71002578735352 ; 0.4047 ; 0.1202 ; 0.0 
180.2105906009674 ; 0.4037 ; 0.1212 ; 0.0 
180.7111508846283 ; 0.4047 ; 0.1212 ; 0.0 
181.21172285079956 ; 0.4047 ; 0.1222 ; 0.0 
181.71237683296204 ; 0.4047 ; 0.1202 ; 0.0 
182.2129306793213 ; 0.4047 ; 0.1202 ; 0.0 
182.71350264549255 ; 0.4047 ; 0.1212 ; 0.0 
183.21413373947144 ; 0.4047 ; 0.1202 ; 0.0 
183.714271068573 ; 0.4047 ; 0.1251 ; 0.0 
184.2148084640503 ; 0.4047 ; 0.1281 ; 0.0 
184.71533393859863 ; 0.4047 ; 0.1271 ; 0.0 
185.21588850021362 ; 0.4057 ; 0.1261 ; 0.0 
185.71640825271606 ; 0.4057 ; 0.1251 ; 0.0 
186.21705865859985 ; 0.4057 ; 0.1232 ; 0.0 
186.717618227005 ; 0.4057 ; 0.1212 ; 0.0 
187.2181839942932 ; 0.4057 ; 0.1212 ; 0.0 
187.71871948242188 ; 0.4066 ; 0.1329 ; 0.0 
188.21934866905212 ; 0.4057 ; 0.1329 ; 0.0 
188.7199079990387 ; 0.4057 ; 0.1329 ; 0.0 
189.2204692363739 ; 0.4066 ; 0.132 ; 0.0 
189.7211136817932 ; 0.4066 ; 0.13 ; 0.0 
190.22156858444214 ; 0.4066 ; 0.1329 ; 0.0 
190.72208285331726 ; 0.4066 ; 0.1349 ; 0.0 
191.22262454032898 ; 0.4066 ; 0.13 ; 0.0 
191.7232837677002 ; 0.4066 ; 0.129 ; 0.0 
192.2236189842224 ; 0.4076 ; 0.129 ; 0.0 
192.7241382598877 ; 0.4066 ; 0.129 ; 0.0 
193.22466325759888 ; 0.4076 ; 0.1261 ; 0.0 
193.72521829605103 ; 0.4076 ; 0.131 ; 0.0 
194.22559213638306 ; 0.4076 ; 0.131 ; 0.0 
194.72620224952698 ; 0.4076 ; 0.129 ; 0.0 
195.22675013542175 ; 0.4086 ; 0.1271 ; 0.0 
195.72727513313293 ; 0.4086 ; 0.1241 ; 0.0 
196.22789645195007 ; 0.4086 ; 0.13 ; 0.0 
196.72852563858032 ; 0.4086 ; 0.1261 ; 0.0 
197.22916078567505 ; 0.4076 ; 0.1251 ; 0.0 
197.7296142578125 ; 0.4086 ; 0.1271 ; 0.0 
198.23023319244385 ; 0.4086 ; 0.1261 ; 0.0 
198.7309205532074 ; 0.4086 ; 0.1329 ; 0.0 
199.23147869110107 ; 0.4086 ; 0.1329 ; 0.0 
199.73207306861877 ; 0.4096 ; 0.1281 ; 0.0 
200.2326304912567 ; 0.4096 ; 0.129 ; 0.0 
200.7333061695099 ; 0.4096 ; 0.1271 ; 0.0 
201.23369455337524 ; 0.4096 ; 0.1281 ; 0.0 
201.73438787460327 ; 0.4096 ; 0.131 ; 0.0 
202.2349305152893 ; 0.4096 ; 0.131 ; 0.0 
202.73545622825623 ; 0.4096 ; 0.13 ; 0.0 
203.23597621917725 ; 0.4096 ; 0.131 ; 0.0 
203.73652267456055 ; 0.4096 ; 0.132 ; 0.0 
204.23718667030334 ; 0.4106 ; 0.1369 ; 0.0 
204.73771262168884 ; 0.4096 ; 0.131 ; 0.0 
205.23829913139343 ; 0.4106 ; 0.1329 ; 0.0 
205.73893904685974 ; 0.4106 ; 0.131 ; 0.0 
206.23959016799927 ; 0.4106 ; 0.13 ; 0.0 
206.7402217388153 ; 0.4096 ; 0.1193 ; 0.0 
207.24089813232422 ; 0.4096 ; 0.1183 ; 0.0 
207.74146604537964 ; 0.4106 ; 0.1193 ; 0.0 
208.24215745925903 ; 0.4106 ; 0.1447 ; 0.0 
208.74284434318542 ; 0.4106 ; 0.1388 ; 0.0 
209.24345302581787 ; 0.4106 ; 0.1349 ; 0.0 
209.74411702156067 ; 0.4106 ; 0.1232 ; 0.0 
210.24479269981384 ; 0.4106 ; 0.1241 ; 0.0 
210.74544882774353 ; 0.4106 ; 0.1241 ; 0.0 
211.24611282348633 ; 0.4106 ; 0.1261 ; 0.0 
211.74676036834717 ; 0.4115 ; 0.1369 ; 0.0 
212.24742078781128 ; 0.4115 ; 0.1417 ; 0.0 
212.74795722961426 ; 0.4115 ; 0.1388 ; 0.0 
213.24833703041077 ; 0.4106 ; 0.1388 ; 0.0 
213.7489743232727 ; 0.4115 ; 0.132 ; 0.0 
214.249498128891 ; 0.4106 ; 0.1388 ; 0.0 
214.74986624717712 ; 0.4106 ; 0.1486 ; 0.0 
215.25042819976807 ; 0.4115 ; 0.1447 ; 0.0 
215.75109672546387 ; 0.4115 ; 0.1388 ; 0.0 
216.2517213821411 ; 0.4106 ; 0.1339 ; 0.0 
216.75235033035278 ; 0.4115 ; 0.1281 ; 0.0 
217.2530336380005 ; 0.4115 ; 0.1271 ; 0.0 
217.7536084651947 ; 0.4115 ; 0.1271 ; 0.0 
218.25370264053345 ; 0.4115 ; 0.1281 ; 0.0 
218.75426149368286 ; 0.4115 ; 0.131 ; 0.0 
219.25481534004211 ; 0.4115 ; 0.1408 ; 0.0 
219.75545692443848 ; 0.4115 ; 0.132 ; 0.0 
220.25601077079773 ; 0.4125 ; 0.1349 ; 0.0 
220.75666213035583 ; 0.4125 ; 0.1535 ; 0.0 
221.25721883773804 ; 0.4125 ; 0.1378 ; 0.0 
221.7577519416809 ; 0.4125 ; 0.132 ; 0.0 
222.258291721344 ; 0.4125 ; 0.1427 ; 0.0 
222.75905179977417 ; 0.4125 ; 0.1349 ; 0.0 
223.25970005989075 ; 0.4125 ; 0.132 ; 0.0 
223.76039004325867 ; 0.4135 ; 0.1349 ; 0.0 
224.26103806495667 ; 0.4135 ; 0.1339 ; 0.0 
224.76171040534973 ; 0.4135 ; 0.1437 ; 0.0 
225.26237392425537 ; 0.4145 ; 0.1417 ; 0.0 
225.7630271911621 ; 0.4145 ; 0.1388 ; 0.0 
226.26371145248413 ; 0.4145 ; 0.1329 ; 0.0 
226.76438975334167 ; 0.4154 ; 0.1339 ; 0.0 
227.2650465965271 ; 0.4154 ; 0.1496 ; 0.0 
227.76568722724915 ; 0.4154 ; 0.1349 ; 0.0 
228.2663609981537 ; 0.4164 ; 0.1349 ; 0.0 
228.76699709892273 ; 0.4174 ; 0.1369 ; 0.0 
229.2676558494568 ; 0.4174 ; 0.1417 ; 0.0 
229.76830291748047 ; 0.4184 ; 0.1496 ; 0.0 
230.2689516544342 ; 0.4184 ; 0.1398 ; 0.0 
230.76961302757263 ; 0.4203 ; 0.1496 ; 0.0 
231.27017283439636 ; 0.4213 ; 0.1437 ; 0.0 
231.77088236808777 ; 0.4233 ; 0.1417 ; 0.0 
232.27154994010925 ; 0.4242 ; 0.1417 ; 0.0 
232.77223420143127 ; 0.4262 ; 0.1437 ; 0.0 
233.27289724349976 ; 0.4272 ; 0.1466 ; 0.0 
233.77359652519226 ; 0.4282 ; 0.1486 ; 0.0 
234.27372860908508 ; 0.4282 ; 0.1496 ; 0.0 
234.77440929412842 ; 0.4291 ; 0.1505 ; 0.0 
235.27510523796082 ; 0.4291 ; 0.1613 ; 0.0 
235.77579736709595 ; 0.4291 ; 0.1603 ; 0.0 
236.27638411521912 ; 0.4291 ; 0.1603 ; 0.0 
236.7770960330963 ; 0.4301 ; 0.1574 ; 0.0 
237.2777500152588 ; 0.4291 ; 0.1574 ; 0.0 
237.77832317352295 ; 0.4291 ; 0.1662 ; 0.0 
238.27889728546143 ; 0.4301 ; 0.1544 ; 0.0 
238.7795639038086 ; 0.4301 ; 0.1544 ; 0.0 
239.28020906448364 ; 0.4291 ; 0.1544 ; 0.0 
239.78084421157837 ; 0.4291 ; 0.1544 ; 0.0 
240.28153276443481 ; 0.4291 ; 0.1535 ; 0.0 
240.78221464157104 ; 0.4291 ; 0.1535 ; 0.0 
241.28309845924377 ; 0.4291 ; 0.1535 ; 0.0 
241.78378105163574 ; 0.4291 ; 0.1525 ; 0.0 
242.2845389842987 ; 0.4291 ; 0.1535 ; 0.0 
242.7852213382721 ; 0.4291 ; 0.1535 ; 0.0 
243.28574538230896 ; 0.4291 ; 0.1525 ; 0.0 
243.78631806373596 ; 0.4291 ; 0.1544 ; 0.0 
244.2869975566864 ; 0.4291 ; 0.1535 ; 0.0 
244.78764367103577 ; 0.4291 ; 0.1535 ; 0.0 
245.2881965637207 ; 0.4282 ; 0.1535 ; 0.0 
245.788893699646 ; 0.4282 ; 0.1535 ; 0.0 
246.28954911231995 ; 0.4282 ; 0.1564 ; 0.0 
246.7902388572693 ; 0.4282 ; 0.1564 ; 0.0 
247.29079508781433 ; 0.4282 ; 0.1564 ; 0.0 
247.7914435863495 ; 0.4282 ; 0.1544 ; 0.0 
248.29208850860596 ; 0.4282 ; 0.1525 ; 0.0 
248.79276037216187 ; 0.4282 ; 0.1515 ; 0.0 
249.29342889785767 ; 0.4282 ; 0.1515 ; 0.0 
249.79407906532288 ; 0.4272 ; 0.1515 ; 0.0 
250.29476976394653 ; 0.4282 ; 0.1525 ; 0.0 
250.79543209075928 ; 0.4282 ; 0.1525 ; 0.0 
251.29607796669006 ; 0.4282 ; 0.1554 ; 0.0 
251.79674887657166 ; 0.4282 ; 0.1544 ; 0.0 
252.29741859436035 ; 0.4282 ; 0.1544 ; 0.0 
252.79806780815125 ; 0.4282 ; 0.1535 ; 0.0 
253.29874539375305 ; 0.4272 ; 0.1544 ; 0.0 
253.79929947853088 ; 0.4272 ; 0.1535 ; 0.0 
254.29996252059937 ; 0.4272 ; 0.1525 ; 0.0 
254.8006329536438 ; 0.4272 ; 0.1525 ; 0.0 
255.30131840705872 ; 0.4272 ; 0.1525 ; 0.0 
255.80200242996216 ; 0.4272 ; 0.1544 ; 0.0 
256.30268907546997 ; 0.4272 ; 0.1525 ; 0.0 
256.8033528327942 ; 0.4272 ; 0.1544 ; 0.0 
257.30399775505066 ; 0.4272 ; 0.1525 ; 0.0 
257.8046772480011 ; 0.4272 ; 0.1535 ; 0.0 
258.30535340309143 ; 0.4272 ; 0.1554 ; 0.0 
258.80601024627686 ; 0.4272 ; 0.1535 ; 0.0 
259.30668663978577 ; 0.4272 ; 0.1535 ; 0.0 
259.8073332309723 ; 0.4282 ; 0.1535 ; 0.0 
260.3079755306244 ; 0.4262 ; 0.1535 ; 0.0 
260.8086004257202 ; 0.4272 ; 0.1525 ; 0.0 
261.3092486858368 ; 0.4262 ; 0.1525 ; 0.0 
261.80990409851074 ; 0.4272 ; 0.1535 ; 0.0 
262.3104751110077 ; 0.4272 ; 0.1544 ; 0.0 
262.81113505363464 ; 0.4272 ; 0.1554 ; 0.0 
263.3117973804474 ; 0.4262 ; 0.1535 ; 0.0 
263.8124670982361 ; 0.4262 ; 0.1544 ; 0.0 
264.31314420700073 ; 0.4262 ; 0.1544 ; 0.0 
264.81379890441895 ; 0.4262 ; 0.1554 ; 0.0 
265.31445932388306 ; 0.4262 ; 0.1535 ; 0.0 
265.81510305404663 ; 0.4262 ; 0.1544 ; 0.0 
266.31577944755554 ; 0.4262 ; 0.1544 ; 0.0 
266.81650614738464 ; 0.4262 ; 0.1554 ; 0.0 
267.3171637058258 ; 0.4252 ; 0.1554 ; 0.0 
267.8177454471588 ; 0.4252 ; 0.1544 ; 0.0 
268.31831550598145 ; 0.4262 ; 0.1564 ; 0.0 
268.81895327568054 ; 0.4252 ; 0.1584 ; 0.0 
269.31961035728455 ; 0.4242 ; 0.1554 ; 0.0 
269.81977438926697 ; 0.4252 ; 0.1535 ; 0.0 
270.3204605579376 ; 0.4252 ; 0.1535 ; 0.0 
270.82114148139954 ; 0.4252 ; 0.1544 ; 0.0 
271.32179737091064 ; 0.4262 ; 0.1535 ; 0.0 
271.8224787712097 ; 0.4252 ; 0.1544 ; 0.0 
272.3231534957886 ; 0.4252 ; 0.1544 ; 0.0 
272.8238036632538 ; 0.4242 ; 0.1544 ; 0.0 
273.3244926929474 ; 0.4252 ; 0.1535 ; 0.0 
273.825138092041 ; 0.4252 ; 0.1544 ; 0.0 
274.3256902694702 ; 0.4252 ; 0.1544 ; 0.0 
274.82631611824036 ; 0.4252 ; 0.1544 ; 0.0 
275.32697439193726 ; 0.4242 ; 0.1535 ; 0.0 
275.8276035785675 ; 0.4252 ; 0.1525 ; 0.0 
276.3282358646393 ; 0.4242 ; 0.1535 ; 0.0 
276.8288824558258 ; 0.4242 ; 0.1535 ; 0.0 
277.3295319080353 ; 0.4252 ; 0.1535 ; 0.0 
277.83017802238464 ; 0.4242 ; 0.1574 ; 0.0 
278.3308336734772 ; 0.4242 ; 0.1564 ; 0.0 
278.8314836025238 ; 0.4242 ; 0.1564 ; 0.0 
279.33211851119995 ; 0.4242 ; 0.1564 ; 0.0 
279.8327958583832 ; 0.4242 ; 0.1584 ; 0.0 
280.3334267139435 ; 0.4242 ; 0.1574 ; 0.0 
280.83408427238464 ; 0.4242 ; 0.1554 ; 0.0 
281.3346495628357 ; 0.4242 ; 0.1544 ; 0.0 
281.8353202342987 ; 0.4242 ; 0.1574 ; 0.0 
282.3360013961792 ; 0.4242 ; 0.1535 ; 0.0 
282.83664441108704 ; 0.4242 ; 0.1535 ; 0.0 
283.3372857570648 ; 0.4233 ; 0.1564 ; 0.0 
283.83793663978577 ; 0.4233 ; 0.1535 ; 0.0 
284.33860969543457 ; 0.4242 ; 0.1535 ; 0.0 
284.8393566608429 ; 0.4242 ; 0.1535 ; 0.0 
285.3399806022644 ; 0.4242 ; 0.1535 ; 0.0 
285.8405282497406 ; 0.4242 ; 0.1535 ; 0.0 
286.341295003891 ; 0.4242 ; 0.1554 ; 0.0 
286.8419871330261 ; 0.4242 ; 0.1554 ; 0.0 
287.34263014793396 ; 0.4242 ; 0.1535 ; 0.0 
287.84328866004944 ; 0.4233 ; 0.1535 ; 0.0 
288.3439772129059 ; 0.4233 ; 0.1544 ; 0.0 
288.8446328639984 ; 0.4233 ; 0.1544 ; 0.0 
289.34523916244507 ; 0.4242 ; 0.1535 ; 0.0 
289.84582233428955 ; 0.4233 ; 0.1554 ; 0.0 
290.34651589393616 ; 0.4233 ; 0.1535 ; 0.0 
290.8470809459686 ; 0.4233 ; 0.1593 ; 0.0 
291.34768414497375 ; 0.4233 ; 0.1564 ; 0.0 
291.84834337234497 ; 0.4233 ; 0.1544 ; 0.0 
292.349002122879 ; 0.4233 ; 0.1554 ; 0.0 
292.849662065506 ; 0.4233 ; 0.1554 ; 0.0 
293.35023069381714 ; 0.4242 ; 0.1554 ; 0.0 
293.85077834129333 ; 0.4233 ; 0.1564 ; 0.0 
294.3511371612549 ; 0.4233 ; 0.1603 ; 0.0 
294.8518273830414 ; 0.4233 ; 0.1584 ; 0.0 
295.3525013923645 ; 0.4233 ; 0.1476 ; 0.0 
295.8531529903412 ; 0.4233 ; 0.1466 ; 0.0 
296.35381150245667 ; 0.4233 ; 0.1466 ; 0.0 
296.8544569015503 ; 0.4233 ; 0.1476 ; 0.0 
297.35504603385925 ; 0.4223 ; 0.1466 ; 0.0 
297.8557143211365 ; 0.4233 ; 0.1457 ; 0.0 
298.35635137557983 ; 0.4223 ; 0.1466 ; 0.0 
298.8570501804352 ; 0.4233 ; 0.1457 ; 0.0 
299.35771656036377 ; 0.4223 ; 0.1466 ; 0.0 
299.8583881855011 ; 0.4233 ; 0.1457 ; 0.0 
300.35905265808105 ; 0.4233 ; 0.1466 ; 0.0 
300.85969614982605 ; 0.4233 ; 0.1476 ; 0.0 
301.36030435562134 ; 0.4233 ; 0.1476 ; 0.0 
301.86096358299255 ; 0.4223 ; 0.1476 ; 0.0 
302.36176085472107 ; 0.4233 ; 0.1476 ; 0.0 
302.8624312877655 ; 0.4223 ; 0.1476 ; 0.0 
303.3631076812744 ; 0.4223 ; 0.1476 ; 0.0 
303.86378288269043 ; 0.4233 ; 0.1574 ; 0.0 
304.3644440174103 ; 0.4223 ; 0.1505 ; 0.0 
304.8650929927826 ; 0.4223 ; 0.1535 ; 0.0 
305.36573672294617 ; 0.4223 ; 0.1515 ; 0.0 
305.866281747818 ; 0.4223 ; 0.1525 ; 0.0 
306.3669784069061 ; 0.4223 ; 0.1515 ; 0.0 
306.86763644218445 ; 0.4223 ; 0.1525 ; 0.0 
307.3681855201721 ; 0.4233 ; 0.1515 ; 0.0 
307.8688397407532 ; 0.4223 ; 0.1525 ; 0.0 
308.36953949928284 ; 0.4223 ; 0.1525 ; 0.0 
308.8701252937317 ; 0.4223 ; 0.1525 ; 0.0 
309.37080574035645 ; 0.4223 ; 0.1525 ; 0.0 
309.87144565582275 ; 0.4223 ; 0.1544 ; 0.0 
310.3720986843109 ; 0.4223 ; 0.1544 ; 0.0 
310.87275671958923 ; 0.4223 ; 0.1535 ; 0.0 
311.3734381198883 ; 0.4223 ; 0.1544 ; 0.0 
311.8740885257721 ; 0.4223 ; 0.1554 ; 0.0 
312.37471055984497 ; 0.4223 ; 0.1554 ; 0.0 
312.87527227401733 ; 0.4223 ; 0.1515 ; 0.0 
313.3759591579437 ; 0.4213 ; 0.1535 ; 0.0 
313.87662291526794 ; 0.4223 ; 0.1564 ; 0.0 
314.37742495536804 ; 0.4213 ; 0.1564 ; 0.0 
314.878066778183 ; 0.4223 ; 0.1544 ; 0.0 
315.37874126434326 ; 0.4223 ; 0.1554 ; 0.0 
315.87938928604126 ; 0.4223 ; 0.1505 ; 0.0 
316.380038022995 ; 0.4223 ; 0.1505 ; 0.0 
316.880690574646 ; 0.4213 ; 0.1505 ; 0.0 
317.3812394142151 ; 0.4223 ; 0.1496 ; 0.0 
317.881635427475 ; 0.4223 ; 0.1505 ; 0.0 
318.3821988105774 ; 0.4223 ; 0.1505 ; 0.0 
318.8824300765991 ; 0.4213 ; 0.1505 ; 0.0 
319.3831262588501 ; 0.4223 ; 0.1505 ; 0.0 
319.88378524780273 ; 0.4223 ; 0.1505 ; 0.0 
320.38458800315857 ; 0.4203 ; 0.1505 ; 0.0 
320.88524556159973 ; 0.4223 ; 0.1496 ; 0.0 
321.38589429855347 ; 0.4213 ; 0.1496 ; 0.0 
321.88654494285583 ; 0.4213 ; 0.1496 ; 0.0 
322.3872125148773 ; 0.4213 ; 0.1496 ; 0.0 
322.88786935806274 ; 0.4223 ; 0.1496 ; 0.0 
323.38853788375854 ; 0.4213 ; 0.1496 ; 0.0 
323.889230966568 ; 0.4213 ; 0.1496 ; 0.0 
324.3898916244507 ; 0.4213 ; 0.1505 ; 0.0 
324.89056944847107 ; 0.4223 ; 0.1505 ; 0.0 
325.39123725891113 ; 0.4213 ; 0.1505 ; 0.0 
325.89192271232605 ; 0.4223 ; 0.1525 ; 0.0 
326.39257049560547 ; 0.4223 ; 0.1525 ; 0.0 
326.89321851730347 ; 0.4213 ; 0.1515 ; 0.0 
327.3936858177185 ; 0.4213 ; 0.1515 ; 0.0 
327.8943591117859 ; 0.4213 ; 0.1515 ; 0.0 
328.39499831199646 ; 0.4213 ; 0.1632 ; 0.0 
328.8956651687622 ; 0.4213 ; 0.1554 ; 0.0 
329.3962206840515 ; 0.4213 ; 0.1525 ; 0.0 
329.89691185951233 ; 0.4213 ; 0.1535 ; 0.0 
330.39747881889343 ; 0.4213 ; 0.1535 ; 0.0 
330.8981511592865 ; 0.4203 ; 0.1544 ; 0.0 
331.3987100124359 ; 0.4213 ; 0.1505 ; 0.0 
331.8993422985077 ; 0.4203 ; 0.1505 ; 0.0 
332.40002250671387 ; 0.4213 ; 0.1505 ; 0.0 
332.9006299972534 ; 0.4213 ; 0.1505 ; 0.0 
333.40129113197327 ; 0.4213 ; 0.1525 ; 0.0 
333.9016287326813 ; 0.4213 ; 0.1515 ; 0.0 
334.4016981124878 ; 0.4213 ; 0.1515 ; 0.0 
334.9023509025574 ; 0.4213 ; 0.1535 ; 0.0 
335.40291953086853 ; 0.4213 ; 0.1525 ; 0.0 
335.9035904407501 ; 0.4213 ; 0.1505 ; 0.0 
336.4042546749115 ; 0.4213 ; 0.1525 ; 0.0 
336.90491223335266 ; 0.4203 ; 0.1505 ; 0.0 
337.40545439720154 ; 0.4213 ; 0.1535 ; 0.0 
337.9056992530823 ; 0.4213 ; 0.1652 ; 0.0 
338.40624737739563 ; 0.4213 ; 0.1623 ; 0.0 
338.9067997932434 ; 0.4213 ; 0.1613 ; 0.0 
339.4073507785797 ; 0.4203 ; 0.1613 ; 0.0 
339.9080855846405 ; 0.4213 ; 0.1593 ; 0.0 
340.40878772735596 ; 0.4213 ; 0.1554 ; 0.0 
340.9093539714813 ; 0.4203 ; 0.1564 ; 0.0 
341.40998888015747 ; 0.4203 ; 0.1564 ; 0.0 
341.91066551208496 ; 0.4213 ; 0.1564 ; 0.0 
342.41123700141907 ; 0.4203 ; 0.1564 ; 0.0 
342.91192054748535 ; 0.4213 ; 0.1574 ; 0.0 
343.41253781318665 ; 0.4203 ; 0.1564 ; 0.0 
343.9130938053131 ; 0.4203 ; 0.1574 ; 0.0 
344.4136428833008 ; 0.4203 ; 0.1564 ; 0.0 
344.9143192768097 ; 0.4203 ; 0.1535 ; 0.0 
345.41487216949463 ; 0.4213 ; 0.1544 ; 0.0 
345.91544556617737 ; 0.4203 ; 0.1564 ; 0.0 
346.4161341190338 ; 0.4213 ; 0.1554 ; 0.0 
346.9168360233307 ; 0.4203 ; 0.1593 ; 0.0 
347.4173765182495 ; 0.4203 ; 0.1642 ; 0.0 
347.9176115989685 ; 0.4203 ; 0.1632 ; 0.0 
348.41825246810913 ; 0.4203 ; 0.1593 ; 0.0 
348.91889333724976 ; 0.4203 ; 0.1593 ; 0.0 
349.4195363521576 ; 0.4203 ; 0.1574 ; 0.0 
349.92010617256165 ; 0.4203 ; 0.1584 ; 0.0 
350.420791387558 ; 0.4203 ; 0.1574 ; 0.0 
350.9214389324188 ; 0.4203 ; 0.1593 ; 0.0 
351.42169308662415 ; 0.4203 ; 0.1593 ; 0.0 
351.92237162590027 ; 0.4203 ; 0.1593 ; 0.0 
352.4230773448944 ; 0.4203 ; 0.1584 ; 0.0 
352.92362880706787 ; 0.4203 ; 0.1574 ; 0.0 
353.42414593696594 ; 0.4203 ; 0.1593 ; 0.0 
353.9248523712158 ; 0.4203 ; 0.1613 ; 0.0 
354.4255304336548 ; 0.4203 ; 0.1564 ; 0.0 
354.9262361526489 ; 0.4203 ; 0.1535 ; 0.0 
355.42692470550537 ; 0.4203 ; 0.1544 ; 0.0 
355.9275755882263 ; 0.4203 ; 0.1535 ; 0.0 
356.42822194099426 ; 0.4203 ; 0.1535 ; 0.0 
356.9289047718048 ; 0.4203 ; 0.1535 ; 0.0 
357.42946791648865 ; 0.4203 ; 0.1544 ; 0.0 
357.92959356307983 ; 0.4203 ; 0.1544 ; 0.0 
358.43029975891113 ; 0.4203 ; 0.1554 ; 0.0 
358.93095874786377 ; 0.4203 ; 0.1554 ; 0.0 
359.4315803050995 ; 0.4203 ; 0.1544 ; 0.0 
359.9322175979614 ; 0.4203 ; 0.1574 ; 0.0 
360.43290162086487 ; 0.4203 ; 0.1525 ; 0.0 
360.9335515499115 ; 0.4203 ; 0.1564 ; 0.0 
361.4342257976532 ; 0.4194 ; 0.1564 ; 0.0 
361.93490958213806 ; 0.4203 ; 0.1564 ; 0.0 
362.4355516433716 ; 0.4203 ; 0.1476 ; 0.0 
362.93623447418213 ; 0.4203 ; 0.1486 ; 0.0 
363.4368009567261 ; 0.4194 ; 0.1476 ; 0.0 
363.9375247955322 ; 0.4203 ; 0.1496 ; 0.0 
364.43817377090454 ; 0.4203 ; 0.1486 ; 0.0 
364.93872714042664 ; 0.4203 ; 0.1496 ; 0.0 
365.43938970565796 ; 0.4203 ; 0.1486 ; 0.0 
365.9399206638336 ; 0.4194 ; 0.1505 ; 0.0 
366.44057059288025 ; 0.4203 ; 0.1505 ; 0.0 
366.94120740890503 ; 0.4203 ; 0.1505 ; 0.0 
367.44161105155945 ; 0.4203 ; 0.1505 ; 0.0 
367.94226908683777 ; 0.4203 ; 0.1505 ; 0.0 
368.4429295063019 ; 0.4203 ; 0.1496 ; 0.0 
368.94359254837036 ; 0.4203 ; 0.1496 ; 0.0 
369.4442377090454 ; 0.4203 ; 0.1496 ; 0.0 
369.94480180740356 ; 0.4203 ; 0.1505 ; 0.0 
370.4454393386841 ; 0.4203 ; 0.1505 ; 0.0 
370.94612979888916 ; 0.4194 ; 0.1496 ; 0.0 
371.4467716217041 ; 0.4194 ; 0.1496 ; 0.0 
371.94734239578247 ; 0.4203 ; 0.1496 ; 0.0 
372.4480073451996 ; 0.4194 ; 0.1505 ; 0.0 
372.94864773750305 ; 0.4203 ; 0.1496 ; 0.0 
373.44932317733765 ; 0.4203 ; 0.1496 ; 0.0 
373.9499673843384 ; 0.4203 ; 0.1505 ; 0.0 
374.45064640045166 ; 0.4203 ; 0.1496 ; 0.0 
374.9512903690338 ; 0.4194 ; 0.1505 ; 0.0 
375.4517824649811 ; 0.4194 ; 0.1496 ; 0.0 
375.9524447917938 ; 0.4203 ; 0.1505 ; 0.0 
376.45308780670166 ; 0.4194 ; 0.1505 ; 0.0 
376.95382046699524 ; 0.4203 ; 0.1505 ; 0.0 
377.4543766975403 ; 0.4203 ; 0.1505 ; 0.0 
377.95493507385254 ; 0.4203 ; 0.1505 ; 0.0 
378.45558857917786 ; 0.4194 ; 0.1554 ; 0.0 
378.9559516906738 ; 0.4203 ; 0.1632 ; 0.0 
379.45659732818604 ; 0.4194 ; 0.1593 ; 0.0 
379.95724534988403 ; 0.4194 ; 0.1672 ; 0.0 
380.45788311958313 ; 0.4203 ; 0.1574 ; 0.0 
380.9584696292877 ; 0.4194 ; 0.1564 ; 0.0 
381.45912194252014 ; 0.4203 ; 0.1564 ; 0.0 
381.95977759361267 ; 0.4194 ; 0.1554 ; 0.0 
382.4604103565216 ; 0.4194 ; 0.1564 ; 0.0 
382.96120023727417 ; 0.4194 ; 0.1584 ; 0.0 
383.46184396743774 ; 0.4194 ; 0.1535 ; 0.0 
383.96241545677185 ; 0.4194 ; 0.1525 ; 0.0 
384.4631025791168 ; 0.4203 ; 0.1584 ; 0.0 
384.96375918388367 ; 0.4194 ; 0.1535 ; 0.0 
385.4644150733948 ; 0.4194 ; 0.1535 ; 0.0 
385.96507120132446 ; 0.4194 ; 0.1525 ; 0.0 
386.46570086479187 ; 0.4194 ; 0.1564 ; 0.0 
386.96625208854675 ; 0.4194 ; 0.1662 ; 0.0 
387.4664807319641 ; 0.4194 ; 0.1505 ; 0.0 
387.9671149253845 ; 0.4194 ; 0.1613 ; 0.0 
388.4676523208618 ; 0.4194 ; 0.1593 ; 0.0 
388.968355178833 ; 0.4203 ; 0.1496 ; 0.0 
389.46898555755615 ; 0.4194 ; 0.1535 ; 0.0 
389.96964931488037 ; 0.4194 ; 0.1652 ; 0.0 
390.470187664032 ; 0.4194 ; 0.1505 ; 0.0 
390.97088599205017 ; 0.4194 ; 0.1515 ; 0.0 
391.4715404510498 ; 0.4194 ; 0.1535 ; 0.0 
391.9721839427948 ; 0.4203 ; 0.1554 ; 0.0 
392.4728307723999 ; 0.4194 ; 0.1544 ; 0.0 
392.973507642746 ; 0.4194 ; 0.1544 ; 0.0 
393.473717212677 ; 0.4203 ; 0.1554 ; 0.0 
393.9743790626526 ; 0.4194 ; 0.1535 ; 0.0 
394.475061416626 ; 0.4194 ; 0.1544 ; 0.0 
394.97574520111084 ; 0.4194 ; 0.1554 ; 0.0 
395.47655296325684 ; 0.4203 ; 0.1564 ; 0.0 
395.97720217704773 ; 0.4194 ; 0.1613 ; 0.0 
396.477854013443 ; 0.4203 ; 0.1564 ; 0.0 
396.97853422164917 ; 0.4194 ; 0.1564 ; 0.0 
397.4790630340576 ; 0.4194 ; 0.1564 ; 0.0 
397.97975730895996 ; 0.4194 ; 0.1564 ; 0.0 
398.48031401634216 ; 0.4203 ; 0.1554 ; 0.0 
398.9808945655823 ; 0.4203 ; 0.1525 ; 0.0 
399.4815242290497 ; 0.4194 ; 0.1544 ; 0.0 
399.98219108581543 ; 0.4194 ; 0.1535 ; 0.0 
400.4829397201538 ; 0.4194 ; 0.1505 ; 0.0 
400.98359298706055 ; 0.4194 ; 0.1505 ; 0.0 
401.4841618537903 ; 0.4194 ; 0.1505 ; 0.0 
401.98482942581177 ; 0.4194 ; 0.1515 ; 0.0 
402.4853777885437 ; 0.4194 ; 0.1525 ; 0.0 
402.9859426021576 ; 0.4194 ; 0.1515 ; 0.0 
403.48662662506104 ; 0.4194 ; 0.1486 ; 0.0 
403.9872872829437 ; 0.4194 ; 0.1496 ; 0.0 
404.48789072036743 ; 0.4194 ; 0.1515 ; 0.0 
404.9886226654053 ; 0.4194 ; 0.1515 ; 0.0 
405.4891858100891 ; 0.4194 ; 0.1505 ; 0.0 
405.98963022232056 ; 0.4203 ; 0.1525 ; 0.0 
406.48972749710083 ; 0.4194 ; 0.1574 ; 0.0 
406.9903357028961 ; 0.4194 ; 0.1544 ; 0.0 
407.4909760951996 ; 0.4194 ; 0.1476 ; 0.0 
407.9916205406189 ; 0.4194 ; 0.1457 ; 0.0 
408.4922585487366 ; 0.4184 ; 0.1466 ; 0.0 
408.99291706085205 ; 0.4194 ; 0.1466 ; 0.0 
409.4935944080353 ; 0.4194 ; 0.1466 ; 0.0 
409.9937460422516 ; 0.4194 ; 0.1476 ; 0.0 
410.49431848526 ; 0.4194 ; 0.1496 ; 0.0 
410.9950008392334 ; 0.4194 ; 0.1476 ; 0.0 
411.49564814567566 ; 0.4194 ; 0.1466 ; 0.0 
411.99627590179443 ; 0.4194 ; 0.1476 ; 0.0 
412.49695801734924 ; 0.4194 ; 0.1476 ; 0.0 
412.99753642082214 ; 0.4194 ; 0.1486 ; 0.0 
413.4981861114502 ; 0.4194 ; 0.1476 ; 0.0 
413.99885988235474 ; 0.4194 ; 0.1466 ; 0.0 
414.4995439052582 ; 0.4194 ; 0.1457 ; 0.0 
415.0002896785736 ; 0.4194 ; 0.1466 ; 0.0 
415.5009734630585 ; 0.4194 ; 0.1466 ; 0.0 
416.0016260147095 ; 0.4194 ; 0.1466 ; 0.0 
416.50231528282166 ; 0.4194 ; 0.1476 ; 0.0 
417.00300645828247 ; 0.4194 ; 0.1476 ; 0.0 
417.503701210022 ; 0.4194 ; 0.1466 ; 0.0 
418.0043878555298 ; 0.4194 ; 0.1466 ; 0.0 
418.50505471229553 ; 0.4194 ; 0.1466 ; 0.0 
419.0056974887848 ; 0.4194 ; 0.1466 ; 0.0 
419.506338596344 ; 0.4194 ; 0.1476 ; 0.0 
420.0068881511688 ; 0.4194 ; 0.1476 ; 0.0 
420.5075442790985 ; 0.4194 ; 0.1486 ; 0.0 
421.00818371772766 ; 0.4194 ; 0.1564 ; 0.0 
421.5088574886322 ; 0.4194 ; 0.1525 ; 0.0 
422.0095293521881 ; 0.4194 ; 0.1496 ; 0.0 
422.5102059841156 ; 0.4194 ; 0.1554 ; 0.0 
423.0107820034027 ; 0.4194 ; 0.1632 ; 0.0 
423.5114414691925 ; 0.4194 ; 0.1554 ; 0.0 
424.01206159591675 ; 0.4194 ; 0.1554 ; 0.0 
424.5127091407776 ; 0.4194 ; 0.1632 ; 0.0 
425.01340508461 ; 0.4194 ; 0.1515 ; 0.0 
425.5139560699463 ; 0.4184 ; 0.1544 ; 0.0 
426.01465344429016 ; 0.4194 ; 0.1515 ; 0.0 
426.5152943134308 ; 0.4194 ; 0.1515 ; 0.0 
427.015841960907 ; 0.4194 ; 0.1525 ; 0.0 
427.516375541687 ; 0.4194 ; 0.1515 ; 0.0 
428.01705622673035 ; 0.4194 ; 0.1564 ; 0.0 
428.51762557029724 ; 0.4194 ; 0.1584 ; 0.0 
429.0183084011078 ; 0.4194 ; 0.1564 ; 0.0 
429.5189609527588 ; 0.4194 ; 0.1505 ; 0.0 
430.0196144580841 ; 0.4194 ; 0.1535 ; 0.0 
430.52016615867615 ; 0.4194 ; 0.1486 ; 0.0 
431.02084589004517 ; 0.4194 ; 0.1496 ; 0.0 
431.52154660224915 ; 0.4184 ; 0.1544 ; 0.0 
432.0222280025482 ; 0.4184 ; 0.1505 ; 0.0 
432.5228896141052 ; 0.4184 ; 0.1486 ; 0.0 
433.0235376358032 ; 0.4194 ; 0.1505 ; 0.0 
433.524178981781 ; 0.4194 ; 0.1476 ; 0.0 
434.0248203277588 ; 0.4194 ; 0.1496 ; 0.0 
434.5254831314087 ; 0.4194 ; 0.1486 ; 0.0 
435.02569484710693 ; 0.4194 ; 0.1486 ; 0.0 
435.52625846862793 ; 0.4194 ; 0.1476 ; 0.0 
436.0268180370331 ; 0.4194 ; 0.1476 ; 0.0 
436.52746963500977 ; 0.4184 ; 0.1476 ; 0.0 
437.02810168266296 ; 0.4194 ; 0.1466 ; 0.0 
437.5287368297577 ; 0.4184 ; 0.175 ; 0.0 
438.0293879508972 ; 0.4194 ; 0.1515 ; 0.0 
438.5300335884094 ; 0.4194 ; 0.1505 ; 0.0 
439.0304958820343 ; 0.4194 ; 0.1525 ; 0.0 
439.5311646461487 ; 0.4194 ; 0.1515 ; 0.0 
440.0318353176117 ; 0.4194 ; 0.1515 ; 0.0 
440.53252124786377 ; 0.4184 ; 0.1505 ; 0.0 
441.03317046165466 ; 0.4194 ; 0.1505 ; 0.0 
441.533812046051 ; 0.4194 ; 0.1515 ; 0.0 
442.03444957733154 ; 0.4194 ; 0.1505 ; 0.0 
442.53497433662415 ; 0.4184 ; 0.1496 ; 0.0 
443.03530406951904 ; 0.4184 ; 0.1486 ; 0.0 
443.53585743904114 ; 0.4184 ; 0.1496 ; 0.0 
444.0365381240845 ; 0.4184 ; 0.1515 ; 0.0 
444.5370934009552 ; 0.4194 ; 0.1564 ; 0.0 
445.0375921726227 ; 0.4194 ; 0.1564 ; 0.0 
445.5377564430237 ; 0.4194 ; 0.1476 ; 0.0 
446.03844261169434 ; 0.4194 ; 0.1457 ; 0.0 
446.5391025543213 ; 0.4194 ; 0.1457 ; 0.0 
447.0397868156433 ; 0.4194 ; 0.1505 ; 0.0 
447.5404496192932 ; 0.4194 ; 0.1535 ; 0.0 
448.041095495224 ; 0.4194 ; 0.1486 ; 0.0 
448.5417380332947 ; 0.4194 ; 0.1496 ; 0.0 
449.0424339771271 ; 0.4194 ; 0.1535 ; 0.0 
449.54306411743164 ; 0.4194 ; 0.1476 ; 0.0 
450.04375076293945 ; 0.4184 ; 0.1466 ; 0.0 
450.54443740844727 ; 0.4194 ; 0.1466 ; 0.0 
451.04511547088623 ; 0.4194 ; 0.1476 ; 0.0 
451.5457627773285 ; 0.4184 ; 0.1544 ; 0.0 
452.0464987754822 ; 0.4194 ; 0.1496 ; 0.0 
452.547162771225 ; 0.4194 ; 0.1466 ; 0.0 
453.0478038787842 ; 0.4194 ; 0.1457 ; 0.0 
453.5484435558319 ; 0.4184 ; 0.1466 ; 0.0 
454.04912066459656 ; 0.4194 ; 0.1466 ; 0.0 
454.5497851371765 ; 0.4194 ; 0.1466 ; 0.0 
455.0504448413849 ; 0.4184 ; 0.1476 ; 0.0 
455.55108547210693 ; 0.4184 ; 0.1466 ; 0.0 
456.0517694950104 ; 0.4184 ; 0.1457 ; 0.0 
456.5525469779968 ; 0.4184 ; 0.1457 ; 0.0 
457.05322647094727 ; 0.4194 ; 0.1457 ; 0.0 
457.55387020111084 ; 0.4194 ; 0.1457 ; 0.0 
458.054429769516 ; 0.4184 ; 0.1457 ; 0.0 
458.5549736022949 ; 0.4184 ; 0.1457 ; 0.0 
459.05554604530334 ; 0.4184 ; 0.1466 ; 0.0 
459.55619192123413 ; 0.4194 ; 0.1466 ; 0.0 
460.056853055954 ; 0.4194 ; 0.1457 ; 0.0 
460.5575065612793 ; 0.4184 ; 0.1457 ; 0.0 
461.0581593513489 ; 0.4194 ; 0.1457 ; 0.0 
461.5587067604065 ; 0.4194 ; 0.1457 ; 0.0 
462.05936098098755 ; 0.4194 ; 0.1457 ; 0.0 
462.5599946975708 ; 0.4194 ; 0.1447 ; 0.0 
463.0606520175934 ; 0.4184 ; 0.1457 ; 0.0 
463.56130361557007 ; 0.4184 ; 0.1457 ; 0.0 
464.06198024749756 ; 0.4184 ; 0.1457 ; 0.0 
464.5626440048218 ; 0.4184 ; 0.1466 ; 0.0 
465.0632939338684 ; 0.4184 ; 0.1466 ; 0.0 
465.56384801864624 ; 0.4194 ; 0.1457 ; 0.0 
466.0644021034241 ; 0.4194 ; 0.1457 ; 0.0 
466.5650825500488 ; 0.4184 ; 0.1457 ; 0.0 
467.0656373500824 ; 0.4194 ; 0.1447 ; 0.0 
467.5661940574646 ; 0.4184 ; 0.1457 ; 0.0 
468.06677079200745 ; 0.4184 ; 0.1457 ; 0.0 
468.5674057006836 ; 0.4184 ; 0.1457 ; 0.0 
469.06795835494995 ; 0.4203 ; 0.1447 ; 0.0 
469.5685932636261 ; 0.4184 ; 0.1457 ; 0.0 
470.0691227912903 ; 0.4194 ; 0.1457 ; 0.0 
470.56976342201233 ; 0.4194 ; 0.1457 ; 0.0 
471.07044553756714 ; 0.4194 ; 0.1457 ; 0.0 
471.57108521461487 ; 0.4194 ; 0.1447 ; 0.0 
472.0717554092407 ; 0.4194 ; 0.1457 ; 0.0 
472.57238721847534 ; 0.4184 ; 0.1486 ; 0.0 
473.0730707645416 ; 0.4184 ; 0.1486 ; 0.0 
473.5737144947052 ; 0.4194 ; 0.1515 ; 0.0 
474.0743360519409 ; 0.4194 ; 0.1574 ; 0.0 
474.57503151893616 ; 0.4194 ; 0.1476 ; 0.0 
475.0755875110626 ; 0.4194 ; 0.1447 ; 0.0 
475.5761284828186 ; 0.4184 ; 0.1437 ; 0.0 
476.0767767429352 ; 0.4194 ; 0.1437 ; 0.0 
476.5773649215698 ; 0.4194 ; 0.1437 ; 0.0 
477.078031539917 ; 0.4184 ; 0.1437 ; 0.0 
477.57865691185 ; 0.4184 ; 0.1437 ; 0.0 
478.0793013572693 ; 0.4194 ; 0.1447 ; 0.0 
478.57999062538147 ; 0.4194 ; 0.1447 ; 0.0 
479.08061838150024 ; 0.4194 ; 0.1447 ; 0.0 
479.58117628097534 ; 0.4194 ; 0.1515 ; 0.0 
480.0816056728363 ; 0.4184 ; 0.1535 ; 0.0 
480.58222007751465 ; 0.4184 ; 0.1574 ; 0.0 
481.08282494544983 ; 0.4184 ; 0.1544 ; 0.0 
481.5833456516266 ; 0.4184 ; 0.1466 ; 0.0 
482.08387637138367 ; 0.4194 ; 0.1515 ; 0.0 
482.58451867103577 ; 0.4194 ; 0.1447 ; 0.0 
483.08513855934143 ; 0.4194 ; 0.1496 ; 0.0 
483.5857448577881 ; 0.4184 ; 0.1486 ; 0.0 
484.086305141449 ; 0.4184 ; 0.1447 ; 0.0 
484.58698296546936 ; 0.4194 ; 0.1437 ; 0.0 
485.08765149116516 ; 0.4194 ; 0.1447 ; 0.0 
485.58819675445557 ; 0.4194 ; 0.1447 ; 0.0 
486.088844537735 ; 0.4194 ; 0.1447 ; 0.0 
486.58949160575867 ; 0.4184 ; 0.1447 ; 0.0 
487.08960938453674 ; 0.4184 ; 0.1447 ; 0.0 
487.5897605419159 ; 0.4184 ; 0.1447 ; 0.0 
488.0903105735779 ; 0.4194 ; 0.172 ; 0.0 
488.5908782482147 ; 0.4194 ; 0.1584 ; 0.0 
489.0914497375488 ; 0.4184 ; 0.1535 ; 0.0 
489.592111825943 ; 0.4184 ; 0.1515 ; 0.0 
490.0926649570465 ; 0.4184 ; 0.1457 ; 0.0 
490.5932505130768 ; 0.4184 ; 0.1505 ; 0.0 
491.09369111061096 ; 0.4184 ; 0.1505 ; 0.0 
491.5943331718445 ; 0.4194 ; 0.1554 ; 0.0 
492.0948967933655 ; 0.4184 ; 0.1466 ; 0.0 
492.5955584049225 ; 0.4194 ; 0.1486 ; 0.0 
493.0962510108948 ; 0.4184 ; 0.1554 ; 0.0 
493.596887588501 ; 0.4194 ; 0.1496 ; 0.0 
494.0976662635803 ; 0.4194 ; 0.1535 ; 0.0 
494.5983347892761 ; 0.4194 ; 0.175 ; 0.0 
495.099000453949 ; 0.4194 ; 0.1515 ; 0.0 
495.5996708869934 ; 0.4184 ; 0.1554 ; 0.0 
496.1002457141876 ; 0.4184 ; 0.1544 ; 0.0 
496.6008605957031 ; 0.4184 ; 0.1574 ; 0.0 
497.10153436660767 ; 0.4194 ; 0.1544 ; 0.0 
497.6016139984131 ; 0.4184 ; 0.1515 ; 0.0 
498.1022584438324 ; 0.4194 ; 0.1515 ; 0.0 
498.6028153896332 ; 0.4194 ; 0.1535 ; 0.0 
499.10345911979675 ; 0.4184 ; 0.1525 ; 0.0 
499.60401701927185 ; 0.4184 ; 0.1535 ; 0.0 
500.1047668457031 ; 0.4194 ; 0.1535 ; 0.0 
500.60532331466675 ; 0.4194 ; 0.1535 ; 0.0 
501.10578060150146 ; 0.4184 ; 0.1544 ; 0.0 
501.60634779930115 ; 0.4184 ; 0.1544 ; 0.0 
502.1069915294647 ; 0.4194 ; 0.1525 ; 0.0 
502.60760855674744 ; 0.4194 ; 0.1535 ; 0.0 
503.1082544326782 ; 0.4184 ; 0.1574 ; 0.0 
503.608939409256 ; 0.4194 ; 0.1544 ; 0.0 
504.10960388183594 ; 0.4184 ; 0.1564 ; 0.0 
504.61024475097656 ; 0.4194 ; 0.1554 ; 0.0 
505.11083149909973 ; 0.4194 ; 0.1544 ; 0.0 
505.6115140914917 ; 0.4194 ; 0.1525 ; 0.0 
506.112184047699 ; 0.4194 ; 0.1535 ; 0.0 
506.6128842830658 ; 0.4184 ; 0.1544 ; 0.0 
507.11310958862305 ; 0.4194 ; 0.1544 ; 0.0 
507.6135652065277 ; 0.4194 ; 0.1535 ; 0.0 
508.11376881599426 ; 0.4194 ; 0.1525 ; 0.0 
508.61443972587585 ; 0.4194 ; 0.1525 ; 0.0 
509.11502408981323 ; 0.4184 ; 0.1515 ; 0.0 
509.61566972732544 ; 0.4184 ; 0.1535 ; 0.0 
510.11623668670654 ; 0.4194 ; 0.1535 ; 0.0 
510.6167838573456 ; 0.4194 ; 0.1554 ; 0.0 
511.117399930954 ; 0.4194 ; 0.1525 ; 0.0 
511.6178274154663 ; 0.4194 ; 0.1525 ; 0.0 
512.1184639930725 ; 0.4184 ; 0.1544 ; 0.0 
512.6190917491913 ; 0.4194 ; 0.1564 ; 0.0 
513.1196284294128 ; 0.4194 ; 0.1554 ; 0.0 
513.6201982498169 ; 0.4194 ; 0.1535 ; 0.0 
514.1207509040833 ; 0.4194 ; 0.1525 ; 0.0 
514.6213576793671 ; 0.4194 ; 0.1535 ; 0.0 
515.1217041015625 ; 0.4184 ; 0.1544 ; 0.0 
515.6222369670868 ; 0.4184 ; 0.1525 ; 0.0 
516.1228096485138 ; 0.4194 ; 0.1525 ; 0.0 
516.6234786510468 ; 0.4184 ; 0.1525 ; 0.0 
517.124146938324 ; 0.4194 ; 0.1544 ; 0.0 
517.6248126029968 ; 0.4194 ; 0.1515 ; 0.0 
518.125501871109 ; 0.4194 ; 0.1544 ; 0.0 
518.6261899471283 ; 0.4194 ; 0.1525 ; 0.0 
519.1269431114197 ; 0.4194 ; 0.1544 ; 0.0 
519.6274919509888 ; 0.4194 ; 0.1525 ; 0.0 
520.1281366348267 ; 0.4194 ; 0.1544 ; 0.0 
520.6286962032318 ; 0.4194 ; 0.1525 ; 0.0 
521.1292440891266 ; 0.4194 ; 0.1525 ; 0.0 
521.6297392845154 ; 0.4194 ; 0.1515 ; 0.0 
522.13041472435 ; 0.4184 ; 0.1525 ; 0.0 
522.6310887336731 ; 0.4194 ; 0.1515 ; 0.0 
523.1317760944366 ; 0.4184 ; 0.1535 ; 0.0 
523.6324286460876 ; 0.4194 ; 0.1544 ; 0.0 
524.1330997943878 ; 0.4194 ; 0.1544 ; 0.0 
524.6337885856628 ; 0.4194 ; 0.1535 ; 0.0 
525.1344811916351 ; 0.4184 ; 0.1525 ; 0.0 
525.6351857185364 ; 0.4184 ; 0.1535 ; 0.0 
526.1357474327087 ; 0.4194 ; 0.1535 ; 0.0 
526.6364617347717 ; 0.4184 ; 0.1535 ; 0.0 
527.1371433734894 ; 0.4194 ; 0.1515 ; 0.0 
527.6378054618835 ; 0.4184 ; 0.1525 ; 0.0 
528.1383752822876 ; 0.4194 ; 0.1515 ; 0.0 
528.6390905380249 ; 0.4194 ; 0.1505 ; 0.0 
529.139755487442 ; 0.4194 ; 0.1515 ; 0.0 
529.6404559612274 ; 0.4194 ; 0.1525 ; 0.0 
530.1411473751068 ; 0.4194 ; 0.1535 ; 0.0 
530.6417973041534 ; 0.4194 ; 0.1525 ; 0.0 
531.1424605846405 ; 0.4194 ; 0.1535 ; 0.0 
531.643128156662 ; 0.4184 ; 0.1535 ; 0.0 
532.1437919139862 ; 0.4184 ; 0.1525 ; 0.0 
532.6444482803345 ; 0.4194 ; 0.1535 ; 0.0 
533.1451420783997 ; 0.4194 ; 0.1535 ; 0.0 
533.6457853317261 ; 0.4184 ; 0.1535 ; 0.0 
534.146430015564 ; 0.4184 ; 0.1525 ; 0.0 
534.6470794677734 ; 0.4194 ; 0.1535 ; 0.0 
535.1477491855621 ; 0.4194 ; 0.1525 ; 0.0 
535.6484479904175 ; 0.4194 ; 0.1544 ; 0.0 
536.1491129398346 ; 0.4184 ; 0.1535 ; 0.0 
536.6498212814331 ; 0.4194 ; 0.1535 ; 0.0 
537.1505079269409 ; 0.4194 ; 0.1554 ; 0.0 
537.6511836051941 ; 0.4184 ; 0.1564 ; 0.0 
538.1518278121948 ; 0.4194 ; 0.1544 ; 0.0 
538.652480840683 ; 0.4194 ; 0.1535 ; 0.0 
539.1531443595886 ; 0.4194 ; 0.1525 ; 0.0 
539.6537811756134 ; 0.4194 ; 0.1535 ; 0.0 
540.1544148921967 ; 0.4194 ; 0.1535 ; 0.0 
540.6549873352051 ; 0.4194 ; 0.1525 ; 0.0 
541.1556360721588 ; 0.4194 ; 0.1535 ; 0.0 
541.6563212871552 ; 0.4194 ; 0.1525 ; 0.0 
542.1570093631744 ; 0.4194 ; 0.1525 ; 0.0 
542.6576671600342 ; 0.4194 ; 0.1535 ; 0.0 
543.1582260131836 ; 0.4194 ; 0.1554 ; 0.0 
543.6587884426117 ; 0.4194 ; 0.1535 ; 0.0 
544.1594355106354 ; 0.4194 ; 0.1525 ; 0.0 
544.659989118576 ; 0.4194 ; 0.1525 ; 0.0 
545.1605315208435 ; 0.4194 ; 0.1515 ; 0.0 
545.6612441539764 ; 0.4194 ; 0.1515 ; 0.0 
546.1618883609772 ; 0.4203 ; 0.1505 ; 0.0 
546.6624553203583 ; 0.4184 ; 0.1515 ; 0.0 
547.163126707077 ; 0.4194 ; 0.1515 ; 0.0 
547.6636877059937 ; 0.4194 ; 0.1525 ; 0.0 
548.1643426418304 ; 0.4194 ; 0.1525 ; 0.0 
548.6649954319 ; 0.4194 ; 0.1496 ; 0.0 
549.1652779579163 ; 0.4194 ; 0.1515 ; 0.0 
549.6659526824951 ; 0.4194 ; 0.1496 ; 0.0 
550.1666359901428 ; 0.4194 ; 0.1496 ; 0.0 
550.667314529419 ; 0.4194 ; 0.1505 ; 0.0 
551.168004989624 ; 0.4194 ; 0.1515 ; 0.0 
551.668662071228 ; 0.4194 ; 0.1515 ; 0.0 
552.1693239212036 ; 0.4194 ; 0.1505 ; 0.0 
552.6699831485748 ; 0.4203 ; 0.1496 ; 0.0 
553.170666217804 ; 0.4194 ; 0.1505 ; 0.0 
553.671323299408 ; 0.4194 ; 0.1505 ; 0.0 
554.1719889640808 ; 0.4194 ; 0.1496 ; 0.0 
554.6726408004761 ; 0.4194 ; 0.1505 ; 0.0 
555.1732926368713 ; 0.4194 ; 0.1505 ; 0.0 
555.6739685535431 ; 0.4194 ; 0.1525 ; 0.0 
556.1746413707733 ; 0.4194 ; 0.1515 ; 0.0 
556.6752920150757 ; 0.4194 ; 0.1525 ; 0.0 
557.1759285926819 ; 0.4194 ; 0.1525 ; 0.0 
557.6766049861908 ; 0.4194 ; 0.1515 ; 0.0 
558.1772768497467 ; 0.4194 ; 0.1515 ; 0.0 
558.6778328418732 ; 0.4194 ; 0.1515 ; 0.0 
559.1784765720367 ; 0.4194 ; 0.1505 ; 0.0 
559.6790657043457 ; 0.4194 ; 0.1515 ; 0.0 
560.1797113418579 ; 0.4194 ; 0.1535 ; 0.0 
560.6804134845734 ; 0.4194 ; 0.1535 ; 0.0 
561.1810994148254 ; 0.4194 ; 0.1535 ; 0.0 
561.6816534996033 ; 0.4194 ; 0.1535 ; 0.0 
562.1823182106018 ; 0.4194 ; 0.1535 ; 0.0 
562.6830620765686 ; 0.4184 ; 0.1535 ; 0.0 
563.1837139129639 ; 0.4194 ; 0.1544 ; 0.0 
563.6843531131744 ; 0.4194 ; 0.1535 ; 0.0 
564.1850080490112 ; 0.4203 ; 0.1554 ; 0.0 
564.6856632232666 ; 0.4203 ; 0.1544 ; 0.0 
565.1863188743591 ; 0.4194 ; 0.1544 ; 0.0 
565.6869487762451 ; 0.4194 ; 0.1544 ; 0.0 
566.1876120567322 ; 0.4194 ; 0.1535 ; 0.0 
566.6882622241974 ; 0.4194 ; 0.1525 ; 0.0 
567.1889042854309 ; 0.4194 ; 0.1525 ; 0.0 
567.6890642642975 ; 0.4194 ; 0.1515 ; 0.0 
568.1897203922272 ; 0.4203 ; 0.1515 ; 0.0 
568.6903676986694 ; 0.4184 ; 0.1525 ; 0.0 
569.1910119056702 ; 0.4194 ; 0.1525 ; 0.0 
569.6917481422424 ; 0.4194 ; 0.1515 ; 0.0 
570.1923868656158 ; 0.4203 ; 0.1525 ; 0.0 
570.6930871009827 ; 0.4194 ; 0.1515 ; 0.0 
571.1937465667725 ; 0.4194 ; 0.1525 ; 0.0 
571.6944005489349 ; 0.4194 ; 0.1525 ; 0.0 
572.1950764656067 ; 0.4194 ; 0.1525 ; 0.0 
572.6957333087921 ; 0.4194 ; 0.1515 ; 0.0 
573.1963908672333 ; 0.4194 ; 0.1515 ; 0.0 
573.697069644928 ; 0.4203 ; 0.1535 ; 0.0 
574.197713136673 ; 0.4194 ; 0.1525 ; 0.0 
574.6983902454376 ; 0.4194 ; 0.1525 ; 0.0 
575.1990592479706 ; 0.4194 ; 0.1525 ; 0.0 
575.6996340751648 ; 0.4203 ; 0.1525 ; 0.0 
576.2001547813416 ; 0.4194 ; 0.1525 ; 0.0 
576.7007203102112 ; 0.4194 ; 0.1525 ; 0.0 
577.2014012336731 ; 0.4194 ; 0.1525 ; 0.0 
577.7020683288574 ; 0.4194 ; 0.1525 ; 0.0 
578.2027280330658 ; 0.4194 ; 0.1535 ; 0.0 
578.7033936977386 ; 0.4194 ; 0.1535 ; 0.0 
579.2040810585022 ; 0.4194 ; 0.1525 ; 0.0 
579.704742193222 ; 0.4194 ; 0.1535 ; 0.0 
580.2054162025452 ; 0.4194 ; 0.1525 ; 0.0 
580.7060651779175 ; 0.4194 ; 0.1525 ; 0.0 
581.2066905498505 ; 0.4194 ; 0.1525 ; 0.0 
581.7073593139648 ; 0.4194 ; 0.1525 ; 0.0 
582.2080714702606 ; 0.4194 ; 0.1525 ; 0.0 
582.7087111473083 ; 0.4194 ; 0.1525 ; 0.0 
583.209397315979 ; 0.4194 ; 0.1535 ; 0.0 
583.7100548744202 ; 0.4194 ; 0.1535 ; 0.0 
584.2106955051422 ; 0.4203 ; 0.1554 ; 0.0 
584.7113664150238 ; 0.4194 ; 0.1515 ; 0.0 
585.2120697498322 ; 0.4203 ; 0.1505 ; 0.0 
585.71275806427 ; 0.4203 ; 0.1525 ; 0.0 
586.213457107544 ; 0.4194 ; 0.1535 ; 0.0 
586.7141075134277 ; 0.4194 ; 0.1515 ; 0.0 
587.2147934436798 ; 0.4194 ; 0.1525 ; 0.0 
587.7154285907745 ; 0.4203 ; 0.1535 ; 0.0 
588.2160367965698 ; 0.4194 ; 0.1535 ; 0.0 
588.7166759967804 ; 0.4203 ; 0.1525 ; 0.0 
589.2173099517822 ; 0.4203 ; 0.1525 ; 0.0 
589.717776298523 ; 0.4194 ; 0.1525 ; 0.0 
590.2183594703674 ; 0.4194 ; 0.1525 ; 0.0 
590.7190043926239 ; 0.4194 ; 0.1525 ; 0.0 
591.2196578979492 ; 0.4194 ; 0.1525 ; 0.0 
591.7203667163849 ; 0.4194 ; 0.1525 ; 0.0 
592.2210476398468 ; 0.4203 ; 0.1525 ; 0.0 
592.7216911315918 ; 0.4203 ; 0.1515 ; 0.0 
593.2222352027893 ; 0.4203 ; 0.1525 ; 0.0 
593.7229101657867 ; 0.4194 ; 0.1535 ; 0.0 
594.2235608100891 ; 0.4203 ; 0.1535 ; 0.0 
594.724205493927 ; 0.4194 ; 0.1535 ; 0.0 
595.2249181270599 ; 0.4194 ; 0.1535 ; 0.0 
595.7254681587219 ; 0.4203 ; 0.1525 ; 0.0 
596.2255966663361 ; 0.4194 ; 0.1525 ; 0.0 
596.7257273197174 ; 0.4203 ; 0.1525 ; 0.0 
597.2263720035553 ; 0.4194 ; 0.1525 ; 0.0 
597.7270123958588 ; 0.4203 ; 0.1525 ; 0.0 
598.2276291847229 ; 0.4194 ; 0.1525 ; 0.0 
598.7283036708832 ; 0.4194 ; 0.1525 ; 0.0 
599.2289798259735 ; 0.4203 ; 0.1525 ; 0.0 
599.7295358181 ; 0.4203 ; 0.1525 ; 0.0 
600.229719877243 ; 0.4194 ; 0.1525 ; 0.0 
600.7304093837738 ; 0.4203 ; 0.1515 ; 0.0 
601.2310814857483 ; 0.4194 ; 0.1525 ; 0.0 
601.7316536903381 ; 0.4203 ; 0.1535 ; 0.0 
602.2323980331421 ; 0.4194 ; 0.1535 ; 0.0 
602.7329485416412 ; 0.4194 ; 0.1535 ; 0.0 
603.2336666584015 ; 0.4203 ; 0.1535 ; 0.0 
603.7342743873596 ; 0.4194 ; 0.1525 ; 0.0 
604.2348263263702 ; 0.4194 ; 0.1515 ; 0.0 
604.7354319095612 ; 0.4203 ; 0.1525 ; 0.0 
605.2360742092133 ; 0.4203 ; 0.1515 ; 0.0 
605.7367300987244 ; 0.4203 ; 0.1515 ; 0.0 
606.2372798919678 ; 0.4194 ; 0.1515 ; 0.0 
606.7378857135773 ; 0.4203 ; 0.1515 ; 0.0 
607.2385449409485 ; 0.4194 ; 0.1515 ; 0.0 
607.7391817569733 ; 0.4194 ; 0.1515 ; 0.0 
608.2398328781128 ; 0.4203 ; 0.1515 ; 0.0 
608.7404005527496 ; 0.4203 ; 0.1515 ; 0.0 
609.2410802841187 ; 0.4203 ; 0.1515 ; 0.0 
609.741913318634 ; 0.4194 ; 0.1515 ; 0.0 
610.2424855232239 ; 0.4194 ; 0.1515 ; 0.0 
610.7430589199066 ; 0.4194 ; 0.1505 ; 0.0 
611.2437515258789 ; 0.4203 ; 0.1505 ; 0.0 
611.7444224357605 ; 0.4203 ; 0.1525 ; 0.0 
612.2450671195984 ; 0.4203 ; 0.1515 ; 0.0 
612.7456805706024 ; 0.4194 ; 0.1505 ; 0.0 
613.2458922863007 ; 0.4203 ; 0.1525 ; 0.0 
613.7464463710785 ; 0.4194 ; 0.1525 ; 0.0 
614.247123003006 ; 0.4194 ; 0.1535 ; 0.0 
614.7478139400482 ; 0.4194 ; 0.1554 ; 0.0 
615.2484288215637 ; 0.4203 ; 0.1544 ; 0.0 
615.7490961551666 ; 0.4203 ; 0.1554 ; 0.0 
616.249805688858 ; 0.4203 ; 0.1554 ; 0.0 
616.7504482269287 ; 0.4194 ; 0.1554 ; 0.0 
617.2511162757874 ; 0.4203 ; 0.1584 ; 0.0 
617.7518088817596 ; 0.4203 ; 0.1564 ; 0.0 
618.2524545192719 ; 0.4203 ; 0.1544 ; 0.0 
618.7531232833862 ; 0.4203 ; 0.1554 ; 0.0 
619.2536535263062 ; 0.4203 ; 0.1564 ; 0.0 
619.7543103694916 ; 0.4194 ; 0.1564 ; 0.0 
620.2549824714661 ; 0.4203 ; 0.1564 ; 0.0 
620.7556357383728 ; 0.4203 ; 0.1564 ; 0.0 
621.2563099861145 ; 0.4203 ; 0.1574 ; 0.0 
621.7568640708923 ; 0.4203 ; 0.1554 ; 0.0 
622.2575430870056 ; 0.4203 ; 0.1564 ; 0.0 
622.7582347393036 ; 0.4213 ; 0.1554 ; 0.0 
623.2589275836945 ; 0.4203 ; 0.1554 ; 0.0 
623.7595930099487 ; 0.4203 ; 0.1535 ; 0.0 
624.2603669166565 ; 0.4203 ; 0.1525 ; 0.0 
624.7609975337982 ; 0.4203 ; 0.1505 ; 0.0 
625.2615895271301 ; 0.4194 ; 0.1476 ; 0.0 
625.7617239952087 ; 0.4203 ; 0.1476 ; 0.0 
626.2623834609985 ; 0.4203 ; 0.1486 ; 0.0 
626.7630212306976 ; 0.4203 ; 0.1505 ; 0.0 
627.2635679244995 ; 0.4203 ; 0.1515 ; 0.0 
627.7642214298248 ; 0.4194 ; 0.1515 ; 0.0 
628.2649216651917 ; 0.4203 ; 0.1515 ; 0.0 
628.7655947208405 ; 0.4203 ; 0.1525 ; 0.0 
629.2657160758972 ; 0.4203 ; 0.1535 ; 0.0 
629.7663700580597 ; 0.4203 ; 0.1535 ; 0.0 
630.2670209407806 ; 0.4203 ; 0.1515 ; 0.0 
630.767703294754 ; 0.4203 ; 0.1525 ; 0.0 
631.2683711051941 ; 0.4213 ; 0.1476 ; 0.0 
631.7690505981445 ; 0.4203 ; 0.1476 ; 0.0 
632.2696974277496 ; 0.4203 ; 0.1476 ; 0.0 
632.7702655792236 ; 0.4203 ; 0.1476 ; 0.0 
633.2709176540375 ; 0.4203 ; 0.1486 ; 0.0 
633.7715954780579 ; 0.4203 ; 0.1457 ; 0.0 
634.2722618579865 ; 0.4203 ; 0.1466 ; 0.0 
634.7729468345642 ; 0.4203 ; 0.1457 ; 0.0 
635.273598909378 ; 0.4203 ; 0.1466 ; 0.0 
635.7742536067963 ; 0.4203 ; 0.1476 ; 0.0 
636.2749030590057 ; 0.4194 ; 0.1476 ; 0.0 
636.7755441665649 ; 0.4203 ; 0.1564 ; 0.0 
637.2761800289154 ; 0.4203 ; 0.1564 ; 0.0 
637.7768349647522 ; 0.4203 ; 0.1544 ; 0.0 
638.277485370636 ; 0.4203 ; 0.1564 ; 0.0 
638.7777647972107 ; 0.4203 ; 0.1535 ; 0.0 
639.2784557342529 ; 0.4203 ; 0.1525 ; 0.0 
639.7791173458099 ; 0.4203 ; 0.1525 ; 0.0 
640.2798104286194 ; 0.4203 ; 0.1525 ; 0.0 
640.7805063724518 ; 0.4203 ; 0.1515 ; 0.0 
641.2811648845673 ; 0.4213 ; 0.1525 ; 0.0 
641.7817976474762 ; 0.4203 ; 0.1525 ; 0.0 
642.2824749946594 ; 0.4203 ; 0.1535 ; 0.0 
642.7831318378448 ; 0.4203 ; 0.1535 ; 0.0 
643.2838151454926 ; 0.4203 ; 0.1535 ; 0.0 
643.7844710350037 ; 0.4203 ; 0.1535 ; 0.0 
644.2850642204285 ; 0.4203 ; 0.1544 ; 0.0 
644.7857065200806 ; 0.4203 ; 0.1544 ; 0.0 
645.2862751483917 ; 0.4203 ; 0.1515 ; 0.0 
645.7869412899017 ; 0.4203 ; 0.1525 ; 0.0 
646.2875847816467 ; 0.4203 ; 0.1525 ; 0.0 
646.7882630825043 ; 0.4203 ; 0.1535 ; 0.0 
647.2889449596405 ; 0.4203 ; 0.1535 ; 0.0 
647.789608001709 ; 0.4203 ; 0.1535 ; 0.0 
648.2896864414215 ; 0.4203 ; 0.1544 ; 0.0 
648.7903697490692 ; 0.4203 ; 0.1535 ; 0.0 
649.2910134792328 ; 0.4203 ; 0.1535 ; 0.0 
649.7915706634521 ; 0.4213 ; 0.1544 ; 0.0 
650.2922072410583 ; 0.4203 ; 0.1535 ; 0.0 
650.792909860611 ; 0.4203 ; 0.1525 ; 0.0 
651.2935774326324 ; 0.4203 ; 0.1525 ; 0.0 
651.7937169075012 ; 0.4213 ; 0.1525 ; 0.0 
652.2942688465118 ; 0.4213 ; 0.1535 ; 0.0 
652.7948181629181 ; 0.4203 ; 0.1515 ; 0.0 
653.2954664230347 ; 0.4213 ; 0.1525 ; 0.0 
653.796258687973 ; 0.4213 ; 0.1525 ; 0.0 
654.2969539165497 ; 0.4203 ; 0.1525 ; 0.0 
654.7976520061493 ; 0.4213 ; 0.1525 ; 0.0 
655.2982249259949 ; 0.4203 ; 0.1535 ; 0.0 
655.7988677024841 ; 0.4203 ; 0.1515 ; 0.0 
656.2995414733887 ; 0.4203 ; 0.1535 ; 0.0 
656.8001992702484 ; 0.4203 ; 0.1535 ; 0.0 
657.3008308410645 ; 0.4213 ; 0.1535 ; 0.0 
657.8015239238739 ; 0.4203 ; 0.1525 ; 0.0 
658.3017182350159 ; 0.4203 ; 0.1525 ; 0.0 
658.8022854328156 ; 0.4213 ; 0.1525 ; 0.0 
659.3029601573944 ; 0.4203 ; 0.1535 ; 0.0 
659.8035769462585 ; 0.4213 ; 0.1525 ; 0.0 
660.3042366504669 ; 0.4213 ; 0.1535 ; 0.0 
660.804897069931 ; 0.4213 ; 0.1535 ; 0.0 
661.3055832386017 ; 0.4213 ; 0.1535 ; 0.0 
661.806248664856 ; 0.4213 ; 0.1535 ; 0.0 
662.3069169521332 ; 0.4213 ; 0.1535 ; 0.0 
662.8076016902924 ; 0.4203 ; 0.1525 ; 0.0 
663.3081402778625 ; 0.4203 ; 0.1525 ; 0.0 
663.8088159561157 ; 0.4203 ; 0.1535 ; 0.0 
664.3094935417175 ; 0.4213 ; 0.1525 ; 0.0 
664.8101847171783 ; 0.4203 ; 0.1525 ; 0.0 
665.3108379840851 ; 0.4213 ; 0.1535 ; 0.0 
665.8114633560181 ; 0.4213 ; 0.1525 ; 0.0 
666.3121371269226 ; 0.4203 ; 0.1525 ; 0.0 
666.8128049373627 ; 0.4203 ; 0.1525 ; 0.0 
667.3134777545929 ; 0.4203 ; 0.1525 ; 0.0 
667.8141202926636 ; 0.4203 ; 0.1535 ; 0.0 
668.3147850036621 ; 0.4203 ; 0.1535 ; 0.0 
668.8154382705688 ; 0.4213 ; 0.1544 ; 0.0 
669.3161249160767 ; 0.4213 ; 0.1525 ; 0.0 
669.8168005943298 ; 0.4213 ; 0.1535 ; 0.0 
670.3174712657928 ; 0.4213 ; 0.1525 ; 0.0 
670.8181047439575 ; 0.4213 ; 0.1535 ; 0.0 
671.3187713623047 ; 0.4213 ; 0.1525 ; 0.0 
671.8193335533142 ; 0.4213 ; 0.1525 ; 0.0 
672.3198845386505 ; 0.4213 ; 0.1544 ; 0.0 
672.8204820156097 ; 0.4213 ; 0.1525 ; 0.0 
673.3211402893066 ; 0.4213 ; 0.1535 ; 0.0 
673.8217880725861 ; 0.4213 ; 0.1525 ; 0.0 
674.3224425315857 ; 0.4213 ; 0.1515 ; 0.0 
674.8231158256531 ; 0.4213 ; 0.1525 ; 0.0 
675.3237781524658 ; 0.4203 ; 0.1515 ; 0.0 
675.8245313167572 ; 0.4213 ; 0.1505 ; 0.0 
676.325208902359 ; 0.4213 ; 0.1505 ; 0.0 
676.8258454799652 ; 0.4203 ; 0.1515 ; 0.0 
677.3264348506927 ; 0.4213 ; 0.1525 ; 0.0 
677.8270924091339 ; 0.4213 ; 0.1525 ; 0.0 
678.3277666568756 ; 0.4213 ; 0.1525 ; 0.0 
678.8284063339233 ; 0.4213 ; 0.1525 ; 0.0 
679.3290796279907 ; 0.4213 ; 0.1515 ; 0.0 
679.8297355175018 ; 0.4213 ; 0.1515 ; 0.0 
680.3304233551025 ; 0.4213 ; 0.1525 ; 0.0 
680.8311116695404 ; 0.4203 ; 0.1525 ; 0.0 
681.3317782878876 ; 0.4213 ; 0.1515 ; 0.0 
681.8324255943298 ; 0.4213 ; 0.1515 ; 0.0 
682.3331227302551 ; 0.4213 ; 0.1515 ; 0.0 
682.8336746692657 ; 0.4213 ; 0.1515 ; 0.0 
683.334233045578 ; 0.4213 ; 0.1525 ; 0.0 
683.8348000049591 ; 0.4203 ; 0.1525 ; 0.0 
684.3354578018188 ; 0.4213 ; 0.1525 ; 0.0 
684.8360979557037 ; 0.4213 ; 0.1525 ; 0.0 
685.3367478847504 ; 0.4213 ; 0.1525 ; 0.0 
685.8373968601227 ; 0.4213 ; 0.1525 ; 0.0 
686.3380644321442 ; 0.4213 ; 0.1525 ; 0.0 
686.8387467861176 ; 0.4213 ; 0.1525 ; 0.0 
687.3393888473511 ; 0.4213 ; 0.1525 ; 0.0 
687.8400402069092 ; 0.4213 ; 0.1525 ; 0.0 
688.3405783176422 ; 0.4213 ; 0.1525 ; 0.0 
688.8411784172058 ; 0.4213 ; 0.1525 ; 0.0 
689.3416991233826 ; 0.4213 ; 0.1525 ; 0.0 
689.8422570228577 ; 0.4213 ; 0.1515 ; 0.0 
690.3427908420563 ; 0.4213 ; 0.1515 ; 0.0 
690.8434555530548 ; 0.4203 ; 0.1515 ; 0.0 
691.3441126346588 ; 0.4213 ; 0.1515 ; 0.0 
691.8447940349579 ; 0.4213 ; 0.1525 ; 0.0 
692.3454778194427 ; 0.4213 ; 0.1535 ; 0.0 
692.8461291790009 ; 0.4213 ; 0.1544 ; 0.0 
693.3466925621033 ; 0.4213 ; 0.1544 ; 0.0 
693.847373008728 ; 0.4213 ; 0.1544 ; 0.0 
694.3480355739594 ; 0.4213 ; 0.1535 ; 0.0 
694.8488335609436 ; 0.4213 ; 0.1535 ; 0.0 
695.3495149612427 ; 0.4203 ; 0.1535 ; 0.0 
695.8501744270325 ; 0.4213 ; 0.1525 ; 0.0 
696.3508386611938 ; 0.4213 ; 0.1544 ; 0.0 
696.851503610611 ; 0.4213 ; 0.1525 ; 0.0 
697.3521702289581 ; 0.4213 ; 0.1535 ; 0.0 
697.8528597354889 ; 0.4213 ; 0.1535 ; 0.0 
698.3535740375519 ; 0.4203 ; 0.1535 ; 0.0 
698.8542566299438 ; 0.4213 ; 0.1515 ; 0.0 
699.354905128479 ; 0.4213 ; 0.1535 ; 0.0 
699.8555428981781 ; 0.4213 ; 0.1525 ; 0.0 
700.3562250137329 ; 0.4213 ; 0.1525 ; 0.0 
700.8568794727325 ; 0.4223 ; 0.1544 ; 0.0 
701.3575918674469 ; 0.4213 ; 0.1525 ; 0.0 
701.8577125072479 ; 0.4213 ; 0.1525 ; 0.0 
702.3584003448486 ; 0.4213 ; 0.1525 ; 0.0 
702.8590567111969 ; 0.4213 ; 0.1544 ; 0.0 
703.359733581543 ; 0.4213 ; 0.1525 ; 0.0 
703.8604116439819 ; 0.4213 ; 0.1535 ; 0.0 
704.3610987663269 ; 0.4213 ; 0.1535 ; 0.0 
704.8617565631866 ; 0.4213 ; 0.1544 ; 0.0 
705.3623042106628 ; 0.4213 ; 0.1525 ; 0.0 
705.8628516197205 ; 0.4223 ; 0.1525 ; 0.0 
706.3633966445923 ; 0.4213 ; 0.1525 ; 0.0 
706.8639559745789 ; 0.4213 ; 0.1544 ; 0.0 
707.3645992279053 ; 0.4213 ; 0.1544 ; 0.0 
707.8651990890503 ; 0.4213 ; 0.1544 ; 0.0 
708.3658566474915 ; 0.4213 ; 0.1544 ; 0.0 
708.8665089607239 ; 0.4213 ; 0.1544 ; 0.0 
709.3670773506165 ; 0.4223 ; 0.1515 ; 0.0 
709.8677449226379 ; 0.4223 ; 0.1525 ; 0.0 
710.3683955669403 ; 0.4213 ; 0.1525 ; 0.0 
710.8690941333771 ; 0.4223 ; 0.1544 ; 0.0 
711.3697423934937 ; 0.4223 ; 0.1525 ; 0.0 
711.8704354763031 ; 0.4213 ; 0.1525 ; 0.0 
712.3710649013519 ; 0.4213 ; 0.1535 ; 0.0 
712.8717398643494 ; 0.4223 ; 0.1525 ; 0.0 
713.3724346160889 ; 0.4223 ; 0.1515 ; 0.0 
713.873104095459 ; 0.4213 ; 0.1525 ; 0.0 
714.3737299442291 ; 0.4223 ; 0.1515 ; 0.0 
714.8744049072266 ; 0.4213 ; 0.1535 ; 0.0 
715.3750731945038 ; 0.4213 ; 0.1515 ; 0.0 
715.8757228851318 ; 0.4213 ; 0.1515 ; 0.0 
716.3763737678528 ; 0.4213 ; 0.1515 ; 0.0 
716.8770685195923 ; 0.4223 ; 0.1525 ; 0.0 
717.3778269290924 ; 0.4213 ; 0.1535 ; 0.0 
717.8784308433533 ; 0.4213 ; 0.1515 ; 0.0 
718.3789687156677 ; 0.4213 ; 0.1525 ; 0.0 
718.8796362876892 ; 0.4213 ; 0.1515 ; 0.0 
719.3802897930145 ; 0.4223 ; 0.1525 ; 0.0 
719.8809554576874 ; 0.4213 ; 0.1525 ; 0.0 
720.381520986557 ; 0.4223 ; 0.1535 ; 0.0 
720.8821952342987 ; 0.4213 ; 0.1525 ; 0.0 
721.3829350471497 ; 0.4223 ; 0.1515 ; 0.0 
721.8835909366608 ; 0.4213 ; 0.1515 ; 0.0 
722.384260892868 ; 0.4213 ; 0.1525 ; 0.0 
722.8849239349365 ; 0.4213 ; 0.1525 ; 0.0 
723.3857390880585 ; 0.4223 ; 0.1505 ; 0.0 
723.8863878250122 ; 0.4223 ; 0.1515 ; 0.0 
724.387051820755 ; 0.4213 ; 0.1525 ; 0.0 
724.8877403736115 ; 0.4213 ; 0.1515 ; 0.0 
725.388421535492 ; 0.4223 ; 0.1505 ; 0.0 
725.8891155719757 ; 0.4223 ; 0.1505 ; 0.0 
726.3897681236267 ; 0.4213 ; 0.1505 ; 0.0 
726.8904139995575 ; 0.4223 ; 0.1496 ; 0.0 
727.3909769058228 ; 0.4223 ; 0.1505 ; 0.0 
727.8914976119995 ; 0.4223 ; 0.1515 ; 0.0 
728.3921446800232 ; 0.4223 ; 0.1505 ; 0.0 
728.8927853107452 ; 0.4223 ; 0.1505 ; 0.0 
729.3933277130127 ; 0.4213 ; 0.1505 ; 0.0 
729.8937413692474 ; 0.4213 ; 0.1525 ; 0.0 
730.3943164348602 ; 0.4213 ; 0.1515 ; 0.0 
730.8948974609375 ; 0.4213 ; 0.1515 ; 0.0 
731.3955318927765 ; 0.4213 ; 0.1515 ; 0.0 
731.8960824012756 ; 0.4223 ; 0.1505 ; 0.0 
732.3964245319366 ; 0.4223 ; 0.1505 ; 0.0 
732.8969688415527 ; 0.4223 ; 0.1515 ; 0.0 
733.3976125717163 ; 0.4223 ; 0.1525 ; 0.0 
733.8982450962067 ; 0.4213 ; 0.1505 ; 0.0 
734.3987941741943 ; 0.4223 ; 0.1515 ; 0.0 
734.8994727134705 ; 0.4223 ; 0.1525 ; 0.0 
735.4000968933105 ; 0.4213 ; 0.1505 ; 0.0 
735.9007301330566 ; 0.4213 ; 0.1505 ; 0.0 
736.4013674259186 ; 0.4223 ; 0.1515 ; 0.0 
736.9019882678986 ; 0.4213 ; 0.1486 ; 0.0 
737.4025285243988 ; 0.4223 ; 0.1486 ; 0.0 
737.9030764102936 ; 0.4223 ; 0.1486 ; 0.0 
738.4036204814911 ; 0.4223 ; 0.1476 ; 0.0 
738.904283285141 ; 0.4223 ; 0.1486 ; 0.0 
739.4049174785614 ; 0.4223 ; 0.1466 ; 0.0 
739.9055478572845 ; 0.4223 ; 0.1457 ; 0.0 
740.406172990799 ; 0.4223 ; 0.1457 ; 0.0 
740.9067289829254 ; 0.4213 ; 0.1447 ; 0.0 
741.4073400497437 ; 0.4213 ; 0.1447 ; 0.0 
741.9079928398132 ; 0.4223 ; 0.1437 ; 0.0 
742.4085564613342 ; 0.4213 ; 0.1447 ; 0.0 
742.9092125892639 ; 0.4223 ; 0.1447 ; 0.0 
743.4095973968506 ; 0.4223 ; 0.1437 ; 0.0 
743.9101266860962 ; 0.4223 ; 0.1447 ; 0.0 
744.4106779098511 ; 0.4233 ; 0.1447 ; 0.0 
744.9112975597382 ; 0.4223 ; 0.1437 ; 0.0 
745.4118456840515 ; 0.4223 ; 0.1447 ; 0.0 
745.9124739170074 ; 0.4223 ; 0.1476 ; 0.0 
746.4131331443787 ; 0.4223 ; 0.1466 ; 0.0 
746.9137349128723 ; 0.4223 ; 0.1457 ; 0.0 
747.4143631458282 ; 0.4213 ; 0.1466 ; 0.0 
747.9149618148804 ; 0.4223 ; 0.1447 ; 0.0 
748.415611743927 ; 0.4223 ; 0.1437 ; 0.0 
748.916298866272 ; 0.4223 ; 0.1437 ; 0.0 
749.4169311523438 ; 0.4223 ; 0.1457 ; 0.0 
749.9175508022308 ; 0.4223 ; 0.1457 ; 0.0 
750.4181554317474 ; 0.4223 ; 0.1447 ; 0.0 
750.9187653064728 ; 0.4223 ; 0.1564 ; 0.0 
751.419326543808 ; 0.4223 ; 0.1515 ; 0.0 
751.9199841022491 ; 0.4223 ; 0.1544 ; 0.0 
752.4205486774445 ; 0.4223 ; 0.1584 ; 0.0 
752.9211740493774 ; 0.4223 ; 0.1535 ; 0.0 
753.421802520752 ; 0.4223 ; 0.1544 ; 0.0 
753.9223501682281 ; 0.4223 ; 0.1525 ; 0.0 
754.4229662418365 ; 0.4223 ; 0.1701 ; 0.0 
754.9236264228821 ; 0.4223 ; 0.1535 ; 0.0 
755.4242477416992 ; 0.4223 ; 0.1525 ; 0.0 
755.9248871803284 ; 0.4223 ; 0.1544 ; 0.0 
756.4255344867706 ; 0.4223 ; 0.1525 ; 0.0 
756.9262044429779 ; 0.4223 ; 0.1544 ; 0.0 
757.426774263382 ; 0.4223 ; 0.1564 ; 0.0 
757.9274072647095 ; 0.4223 ; 0.1574 ; 0.0 
758.4280881881714 ; 0.4223 ; 0.1535 ; 0.0 
758.9283044338226 ; 0.4223 ; 0.1544 ; 0.0 
759.4289493560791 ; 0.4233 ; 0.1496 ; 0.0 
759.9296116828918 ; 0.4223 ; 0.1486 ; 0.0 
760.4302835464478 ; 0.4223 ; 0.1476 ; 0.0 
760.9309031963348 ; 0.4233 ; 0.1496 ; 0.0 
761.4314217567444 ; 0.4223 ; 0.1496 ; 0.0 
761.9319710731506 ; 0.4223 ; 0.1505 ; 0.0 
762.4325337409973 ; 0.4223 ; 0.1515 ; 0.0 
762.9331617355347 ; 0.4223 ; 0.1525 ; 0.0 
763.4336712360382 ; 0.4223 ; 0.1525 ; 0.0 
763.934298992157 ; 0.4223 ; 0.1525 ; 0.0 
764.4347627162933 ; 0.4223 ; 0.1584 ; 0.0 
764.9354026317596 ; 0.4223 ; 0.1564 ; 0.0 
765.436071395874 ; 0.4223 ; 0.1505 ; 0.0 
765.9366295337677 ; 0.4223 ; 0.1515 ; 0.0 
766.4372406005859 ; 0.4223 ; 0.1515 ; 0.0 
766.9378752708435 ; 0.4223 ; 0.1544 ; 0.0 
767.4384164810181 ; 0.4233 ; 0.1544 ; 0.0 
767.9390389919281 ; 0.4223 ; 0.1544 ; 0.0 
768.4396703243256 ; 0.4223 ; 0.1535 ; 0.0 
768.9402809143066 ; 0.4223 ; 0.1564 ; 0.0 
769.4408316612244 ; 0.4233 ; 0.1525 ; 0.0 
769.9413938522339 ; 0.4223 ; 0.1535 ; 0.0 
770.4416801929474 ; 0.4223 ; 0.1544 ; 0.0 
770.9422221183777 ; 0.4223 ; 0.1564 ; 0.0 
771.4427623748779 ; 0.4223 ; 0.1535 ; 0.0 
771.9432837963104 ; 0.4223 ; 0.1564 ; 0.0 
772.4438364505768 ; 0.4223 ; 0.1564 ; 0.0 
772.944403886795 ; 0.4233 ; 0.1466 ; 0.0 
773.4445433616638 ; 0.4223 ; 0.1486 ; 0.0 
773.9447455406189 ; 0.4223 ; 0.1476 ; 0.0 
774.4452803134918 ; 0.4223 ; 0.1486 ; 0.0 
774.9455754756927 ; 0.4223 ; 0.1486 ; 0.0 
775.4461922645569 ; 0.4223 ; 0.1486 ; 0.0 
775.9467344284058 ; 0.4223 ; 0.1466 ; 0.0 
776.4469995498657 ; 0.4233 ; 0.1476 ; 0.0 
776.9476144313812 ; 0.4223 ; 0.1486 ; 0.0 
777.4479475021362 ; 0.4233 ; 0.1457 ; 0.0 
777.9484806060791 ; 0.4223 ; 0.1476 ; 0.0 
778.449033498764 ; 0.4223 ; 0.1466 ; 0.0 
778.9495906829834 ; 0.4233 ; 0.1466 ; 0.0 
779.450117111206 ; 0.4233 ; 0.1466 ; 0.0 
779.9507274627686 ; 0.4223 ; 0.1457 ; 0.0 
780.4512739181519 ; 0.4233 ; 0.1457 ; 0.0 
780.9518022537231 ; 0.4223 ; 0.1457 ; 0.0 
781.4524204730988 ; 0.4223 ; 0.1466 ; 0.0 
781.9529457092285 ; 0.4223 ; 0.1457 ; 0.0 
782.4534952640533 ; 0.4233 ; 0.1466 ; 0.0 
782.953610420227 ; 0.4223 ; 0.1476 ; 0.0 
783.4541532993317 ; 0.4223 ; 0.1486 ; 0.0 
783.9547131061554 ; 0.4233 ; 0.1496 ; 0.0 
784.4552443027496 ; 0.4223 ; 0.1564 ; 0.0 
784.9557917118073 ; 0.4223 ; 0.1544 ; 0.0 
785.4563312530518 ; 0.4223 ; 0.1505 ; 0.0 
785.9568886756897 ; 0.4233 ; 0.1515 ; 0.0 
786.4575176239014 ; 0.4233 ; 0.1564 ; 0.0 
786.9575710296631 ; 0.4223 ; 0.1496 ; 0.0 
787.4577095508575 ; 0.4223 ; 0.1544 ; 0.0 
787.958286523819 ; 0.4233 ; 0.1515 ; 0.0 
788.4588205814362 ; 0.4233 ; 0.1525 ; 0.0 
788.9593510627747 ; 0.4223 ; 0.1515 ; 0.0 
789.459882736206 ; 0.4233 ; 0.1515 ; 0.0 
789.9605414867401 ; 0.4233 ; 0.1515 ; 0.0 
790.4611032009125 ; 0.4233 ; 0.1574 ; 0.0 
790.9616160392761 ; 0.4233 ; 0.1525 ; 0.0 
791.4616916179657 ; 0.4233 ; 0.1564 ; 0.0 
791.9622411727905 ; 0.4223 ; 0.1505 ; 0.0 
792.4627826213837 ; 0.4223 ; 0.1554 ; 0.0 
792.9633326530457 ; 0.4223 ; 0.1515 ; 0.0 
793.4638876914978 ; 0.4223 ; 0.1515 ; 0.0 
793.9645309448242 ; 0.4233 ; 0.1496 ; 0.0 
794.4650537967682 ; 0.4233 ; 0.1476 ; 0.0 
794.9656074047089 ; 0.4233 ; 0.1496 ; 0.0 
795.4661407470703 ; 0.4223 ; 0.1496 ; 0.0 
795.9667298793793 ; 0.4233 ; 0.1505 ; 0.0 
796.46737408638 ; 0.4233 ; 0.1496 ; 0.0 
796.9679889678955 ; 0.4233 ; 0.1505 ; 0.0 
797.4685509204865 ; 0.4223 ; 0.1505 ; 0.0 
797.9690835475922 ; 0.4233 ; 0.1505 ; 0.0 
798.4697253704071 ; 0.4233 ; 0.1505 ; 0.0 
798.9702935218811 ; 0.4233 ; 0.1525 ; 0.0 
799.4706525802612 ; 0.4233 ; 0.1525 ; 0.0 
799.9711940288544 ; 0.4233 ; 0.1515 ; 0.0 
800.4717309474945 ; 0.4233 ; 0.1681 ; 0.0 
800.9722797870636 ; 0.4233 ; 0.1496 ; 0.0 
801.4728507995605 ; 0.4242 ; 0.1496 ; 0.0 
801.973406791687 ; 0.4233 ; 0.1496 ; 0.0 
802.4736037254333 ; 0.4233 ; 0.1486 ; 0.0 
802.974152803421 ; 0.4233 ; 0.1505 ; 0.0 
803.4746794700623 ; 0.4233 ; 0.1505 ; 0.0 
803.9752132892609 ; 0.4233 ; 0.1505 ; 0.0 
804.4758417606354 ; 0.4233 ; 0.1505 ; 0.0 
804.9763729572296 ; 0.4223 ; 0.1652 ; 0.0 
805.4769349098206 ; 0.4233 ; 0.1486 ; 0.0 
805.9774940013885 ; 0.4233 ; 0.1466 ; 0.0 
806.4776058197021 ; 0.4233 ; 0.1466 ; 0.0 
806.977701663971 ; 0.4233 ; 0.1457 ; 0.0 
807.478178024292 ; 0.4233 ; 0.1457 ; 0.0 
807.9788489341736 ; 0.4233 ; 0.1466 ; 0.0 
808.4794645309448 ; 0.4233 ; 0.1535 ; 0.0 
808.9800901412964 ; 0.4233 ; 0.1564 ; 0.0 
809.4807341098785 ; 0.4242 ; 0.1603 ; 0.0 
809.9812788963318 ; 0.4233 ; 0.1486 ; 0.0 
810.481575012207 ; 0.4233 ; 0.1476 ; 0.0 
810.9821200370789 ; 0.4233 ; 0.1476 ; 0.0 
811.482696056366 ; 0.4233 ; 0.1486 ; 0.0 
811.9833247661591 ; 0.4233 ; 0.1496 ; 0.0 
812.4838654994965 ; 0.4233 ; 0.1496 ; 0.0 
812.9842300415039 ; 0.4233 ; 0.1486 ; 0.0 
813.4847726821899 ; 0.4233 ; 0.1476 ; 0.0 
813.985342502594 ; 0.4233 ; 0.1476 ; 0.0 
814.4856064319611 ; 0.4233 ; 0.1486 ; 0.0 
814.9861633777618 ; 0.4233 ; 0.1486 ; 0.0 
815.4867305755615 ; 0.4233 ; 0.1486 ; 0.0 
815.9872870445251 ; 0.4233 ; 0.1652 ; 0.0 
816.4878091812134 ; 0.4233 ; 0.1505 ; 0.0 
816.9884147644043 ; 0.4233 ; 0.1505 ; 0.0 
817.488956451416 ; 0.4233 ; 0.1476 ; 0.0 
817.9895710945129 ; 0.4233 ; 0.1476 ; 0.0 
818.4900989532471 ; 0.4233 ; 0.1486 ; 0.0 
818.9906554222107 ; 0.4233 ; 0.1476 ; 0.0 
819.4911949634552 ; 0.4233 ; 0.1496 ; 0.0 
819.9918084144592 ; 0.4233 ; 0.1486 ; 0.0 
820.4924564361572 ; 0.4233 ; 0.1496 ; 0.0 
820.9930241107941 ; 0.4233 ; 0.1486 ; 0.0 
821.4936006069183 ; 0.4233 ; 0.1486 ; 0.0 
821.9941523075104 ; 0.4242 ; 0.1486 ; 0.0 
822.494720697403 ; 0.4233 ; 0.1486 ; 0.0 
822.9947741031647 ; 0.4242 ; 0.1486 ; 0.0 
823.4951605796814 ; 0.4233 ; 0.1476 ; 0.0 
823.9957039356232 ; 0.4233 ; 0.1496 ; 0.0 
824.4962620735168 ; 0.4233 ; 0.1486 ; 0.0 
824.9967906475067 ; 0.4233 ; 0.1486 ; 0.0 
825.4973483085632 ; 0.4233 ; 0.1496 ; 0.0 
825.9975724220276 ; 0.4242 ; 0.1496 ; 0.0 
826.4981274604797 ; 0.4233 ; 0.1496 ; 0.0 
826.9986636638641 ; 0.4233 ; 0.1486 ; 0.0 
827.4991972446442 ; 0.4242 ; 0.1505 ; 0.0 
827.9997520446777 ; 0.4242 ; 0.1486 ; 0.0 
828.5002946853638 ; 0.4242 ; 0.1476 ; 0.0 
829.0008368492126 ; 0.4233 ; 0.1476 ; 0.0 
829.5013756752014 ; 0.4233 ; 0.1505 ; 0.0 
830.0016856193542 ; 0.4233 ; 0.1496 ; 0.0 
830.5022366046906 ; 0.4233 ; 0.1466 ; 0.0 
831.0027878284454 ; 0.4233 ; 0.1496 ; 0.0 
831.5033450126648 ; 0.4233 ; 0.1496 ; 0.0 
832.0038781166077 ; 0.4233 ; 0.1505 ; 0.0 
832.5044493675232 ; 0.4233 ; 0.1544 ; 0.0 
833.004976272583 ; 0.4233 ; 0.1466 ; 0.0 
833.5055282115936 ; 0.4233 ; 0.1486 ; 0.0 
834.0055854320526 ; 0.4233 ; 0.1476 ; 0.0 
834.5061266422272 ; 0.4233 ; 0.1486 ; 0.0 
835.0066792964935 ; 0.4233 ; 0.1496 ; 0.0 
835.5072236061096 ; 0.4233 ; 0.1535 ; 0.0 
836.0075681209564 ; 0.4233 ; 0.1535 ; 0.0 
836.5081162452698 ; 0.4233 ; 0.1535 ; 0.0 
837.0086379051208 ; 0.4242 ; 0.1525 ; 0.0 
837.5091922283173 ; 0.4242 ; 0.1535 ; 0.0 
838.0095942020416 ; 0.4242 ; 0.1544 ; 0.0 
838.5100953578949 ; 0.4242 ; 0.1544 ; 0.0 
839.0106344223022 ; 0.4233 ; 0.1544 ; 0.0 
839.5111639499664 ; 0.4233 ; 0.1515 ; 0.0 
840.0116994380951 ; 0.4233 ; 0.1525 ; 0.0 
840.5122585296631 ; 0.4233 ; 0.1476 ; 0.0 
841.0127983093262 ; 0.4242 ; 0.1466 ; 0.0 
841.5134303569794 ; 0.4233 ; 0.1496 ; 0.0 
842.0136280059814 ; 0.4233 ; 0.1496 ; 0.0 
842.5141949653625 ; 0.4242 ; 0.1496 ; 0.0 
843.0147716999054 ; 0.4242 ; 0.1496 ; 0.0 
843.515331029892 ; 0.4242 ; 0.1544 ; 0.0 
844.0158648490906 ; 0.4242 ; 0.1476 ; 0.0 
844.5164189338684 ; 0.4242 ; 0.1476 ; 0.0 
845.01686668396 ; 0.4233 ; 0.1496 ; 0.0 
845.5174007415771 ; 0.4242 ; 0.1505 ; 0.0 
846.0175902843475 ; 0.4233 ; 0.1496 ; 0.0 
846.5179574489594 ; 0.4242 ; 0.1496 ; 0.0 
847.0185165405273 ; 0.4242 ; 0.1505 ; 0.0 
847.5190722942352 ; 0.4242 ; 0.1496 ; 0.0 
848.019627571106 ; 0.4242 ; 0.1496 ; 0.0 
848.5201659202576 ; 0.4242 ; 0.1505 ; 0.0 
849.0207123756409 ; 0.4242 ; 0.1505 ; 0.0 
849.5212535858154 ; 0.4233 ; 0.1505 ; 0.0 
850.0217063426971 ; 0.4233 ; 0.1505 ; 0.0 
850.5220365524292 ; 0.4233 ; 0.1505 ; 0.0 
851.0225794315338 ; 0.4242 ; 0.1535 ; 0.0 
851.5229306221008 ; 0.4233 ; 0.1525 ; 0.0 
852.023598909378 ; 0.4233 ; 0.1535 ; 0.0 
852.5241527557373 ; 0.4242 ; 0.1466 ; 0.0 
853.0248303413391 ; 0.4242 ; 0.1466 ; 0.0 
853.5254139900208 ; 0.4233 ; 0.1447 ; 0.0 
854.0257201194763 ; 0.4242 ; 0.1447 ; 0.0 
854.5262672901154 ; 0.4242 ; 0.1457 ; 0.0 
855.0267930030823 ; 0.4233 ; 0.1457 ; 0.0 
855.5274031162262 ; 0.4233 ; 0.1457 ; 0.0 
856.0280394554138 ; 0.4233 ; 0.1447 ; 0.0 
856.5282244682312 ; 0.4242 ; 0.1447 ; 0.0 
857.0287744998932 ; 0.4242 ; 0.1447 ; 0.0 
857.5293247699738 ; 0.4242 ; 0.1535 ; 0.0 
858.0295860767365 ; 0.4242 ; 0.1525 ; 0.0 
858.5297331809998 ; 0.4242 ; 0.1672 ; 0.0 
859.0302724838257 ; 0.4242 ; 0.176 ; 0.0 
859.5308158397675 ; 0.4242 ; 0.1535 ; 0.0 
860.0313684940338 ; 0.4242 ; 0.1544 ; 0.0 
860.5319316387177 ; 0.4233 ; 0.1593 ; 0.0 
861.0324952602386 ; 0.4233 ; 0.1515 ; 0.0 
861.5330469608307 ; 0.4242 ; 0.1564 ; 0.0 
862.0336410999298 ; 0.4242 ; 0.1525 ; 0.0 
862.5342004299164 ; 0.4242 ; 0.1564 ; 0.0 
863.0347638130188 ; 0.4242 ; 0.1554 ; 0.0 
863.5354046821594 ; 0.4242 ; 0.1486 ; 0.0 
864.0360419750214 ; 0.4242 ; 0.1515 ; 0.0 
864.5366170406342 ; 0.4242 ; 0.1476 ; 0.0 
865.0372397899628 ; 0.4242 ; 0.1476 ; 0.0 
865.5376100540161 ; 0.4242 ; 0.1466 ; 0.0 
866.038165807724 ; 0.4233 ; 0.1476 ; 0.0 
866.5387988090515 ; 0.4242 ; 0.1515 ; 0.0 
867.0393674373627 ; 0.4242 ; 0.1515 ; 0.0 
867.5398325920105 ; 0.4242 ; 0.1564 ; 0.0 
868.0404767990112 ; 0.4242 ; 0.1554 ; 0.0 
868.5410199165344 ; 0.4242 ; 0.1486 ; 0.0 
869.0415794849396 ; 0.4242 ; 0.1496 ; 0.0 
869.5416860580444 ; 0.4242 ; 0.1681 ; 0.0 
870.0422360897064 ; 0.4242 ; 0.1476 ; 0.0 
870.5428030490875 ; 0.4242 ; 0.1476 ; 0.0 
871.043345451355 ; 0.4242 ; 0.1496 ; 0.0 
871.5435507297516 ; 0.4242 ; 0.1486 ; 0.0 
872.0441026687622 ; 0.4242 ; 0.1544 ; 0.0 
872.544650554657 ; 0.4242 ; 0.1486 ; 0.0 
873.0451893806458 ; 0.4242 ; 0.1691 ; 0.0 
873.5456125736237 ; 0.4233 ; 0.1593 ; 0.0 
874.046126127243 ; 0.4242 ; 0.1574 ; 0.0 
874.546689748764 ; 0.4242 ; 0.1564 ; 0.0 
875.0473318099976 ; 0.4242 ; 0.1564 ; 0.0 
875.5479543209076 ; 0.4242 ; 0.1779 ; 0.0 
876.0485734939575 ; 0.4242 ; 0.1535 ; 0.0 
876.5488035678864 ; 0.4242 ; 0.1554 ; 0.0 
877.0493688583374 ; 0.4242 ; 0.1564 ; 0.0 
877.5497508049011 ; 0.4242 ; 0.1554 ; 0.0 
878.0502982139587 ; 0.4242 ; 0.1505 ; 0.0 
878.5508487224579 ; 0.4242 ; 0.1564 ; 0.0 
879.0512940883636 ; 0.4242 ; 0.1525 ; 0.0 
879.551923751831 ; 0.4242 ; 0.1505 ; 0.0 
880.0524973869324 ; 0.4242 ; 0.1505 ; 0.0 
880.5530595779419 ; 0.4252 ; 0.1515 ; 0.0 
881.0536108016968 ; 0.4233 ; 0.1525 ; 0.0 
881.5541706085205 ; 0.4242 ; 0.1505 ; 0.0 
882.0547273159027 ; 0.4242 ; 0.1505 ; 0.0 
882.5552864074707 ; 0.4242 ; 0.1554 ; 0.0 
883.0558657646179 ; 0.4242 ; 0.1564 ; 0.0 
883.5564353466034 ; 0.4242 ; 0.1505 ; 0.0 
884.0570952892303 ; 0.4242 ; 0.1564 ; 0.0 
884.5577039718628 ; 0.4242 ; 0.1642 ; 0.0 
885.0582821369171 ; 0.4242 ; 0.1496 ; 0.0 
885.5588455200195 ; 0.4242 ; 0.1544 ; 0.0 
886.0595338344574 ; 0.4242 ; 0.1466 ; 0.0 
886.5601415634155 ; 0.4242 ; 0.1466 ; 0.0 
887.0607035160065 ; 0.4242 ; 0.1505 ; 0.0 
887.56125831604 ; 0.4242 ; 0.1496 ; 0.0 
888.0618228912354 ; 0.4242 ; 0.1574 ; 0.0 
888.5623803138733 ; 0.4242 ; 0.1515 ; 0.0 
889.0629277229309 ; 0.4233 ; 0.1525 ; 0.0 
889.5634949207306 ; 0.4242 ; 0.1515 ; 0.0 
890.064070224762 ; 0.4242 ; 0.1525 ; 0.0 
890.5646409988403 ; 0.4242 ; 0.1515 ; 0.0 
891.0651993751526 ; 0.4242 ; 0.1515 ; 0.0 
891.5656535625458 ; 0.4242 ; 0.1515 ; 0.0 
892.0659990310669 ; 0.4242 ; 0.1515 ; 0.0 
892.5665547847748 ; 0.4242 ; 0.1515 ; 0.0 
893.0670788288116 ; 0.4242 ; 0.1525 ; 0.0 
893.5676364898682 ; 0.4242 ; 0.1515 ; 0.0 
894.0681960582733 ; 0.4242 ; 0.1515 ; 0.0 
894.5687527656555 ; 0.4242 ; 0.1544 ; 0.0 
895.0693964958191 ; 0.4242 ; 0.1554 ; 0.0 
895.5696206092834 ; 0.4242 ; 0.1535 ; 0.0 
896.0701761245728 ; 0.4242 ; 0.1603 ; 0.0 
896.5707368850708 ; 0.4252 ; 0.1515 ; 0.0 
897.0712909698486 ; 0.4242 ; 0.1457 ; 0.0 
897.5719225406647 ; 0.4242 ; 0.1457 ; 0.0 
898.0724756717682 ; 0.4242 ; 0.1466 ; 0.0 
898.5730407238007 ; 0.4252 ; 0.1457 ; 0.0 
899.0733296871185 ; 0.4252 ; 0.1466 ; 0.0 
899.573637008667 ; 0.4242 ; 0.1584 ; 0.0 
900.0741808414459 ; 0.4242 ; 0.1584 ; 0.0 
900.5747334957123 ; 0.4242 ; 0.1554 ; 0.0 
